,funcion_activacion,talla,tiempo,desviacion
0,lineal,12,156.88541228311078,0
1,sigmoid,12,160.74453742007609,0
2,tanh,12,158.87695318320766,0
3,relu,12,161.68576381084858,0
4,selu,12,160.90483831585152,0
5,elu,12,159.65345023818372,0
6,gelu,12,238.3394339748047,0
7,swish,12,180.8920099021052,0
8,mish,12,188.85218695415824,0
9,lisht,12,188.77623450479587,0
10,lineal,13,160.19430943884072,0
11,sigmoid,13,164.76799207575095,0
12,tanh,13,164.15918390796287,0
13,relu,13,161.97000889107585,0
14,selu,13,164.02658082704875,0
15,elu,13,165.16700150821998,0
16,gelu,13,244.9625035512436,0
17,swish,13,182.65353038984176,0
18,mish,13,193.66881756606745,0
19,lisht,13,190.1745257400471,0
20,lineal,14,164.0817261968623,0
21,sigmoid,14,168.43483698595082,0
22,tanh,14,168.16786010899523,0
23,relu,14,165.24553395889234,0
24,selu,14,167.66400749799504,0
25,elu,14,168.80163220214308,0
26,gelu,14,248.2372696549719,0
27,swish,14,188.69225104586803,0
28,mish,14,192.88936224681677,0
29,lisht,14,196.72841556665665,0
30,lineal,15,165.9777547851263,0
31,sigmoid,15,170.66118507391366,0
32,tanh,15,170.78089267393807,0
33,relu,15,170.66773600805027,0
34,selu,15,170.6982568808744,0
35,elu,15,170.8365804789355,0
36,gelu,15,252.6367550547002,0
37,swish,15,191.5024312409514,0
38,mish,15,197.26898623503803,0
39,lisht,15,197.61523981312348,0
40,lineal,16,166.90077909817046,0
41,sigmoid,16,,0
42,tanh,16,171.99756939975487,0
43,relu,16,171.4906096640043,0
44,selu,16,175.10838464107655,0
45,elu,16,171.3339048501948,0
46,gelu,16,255.54917294911863,0
47,swish,16,197.35304945691317,0
48,mish,16,198.0647860310128,0
49,lisht,16,203.8680595550395,0
50,lineal,17,170.72391167514434,0
51,sigmoid,17,175.48438184376573,0
52,tanh,17,175.49243227099942,0
53,relu,17,,0
54,selu,17,175.63340304281155,0
55,elu,17,175.49584427995433,0
56,gelu,17,260.36869992982247,0
57,swish,17,196.5039082049043,0
58,mish,17,201.90159466718612,0
59,lisht,17,202.7123336461664,0
60,lineal,18,173.32270400208654,0
61,sigmoid,18,174.3508723392588,0
62,tanh,18,179.94889242912177,0
63,relu,18,179.5288289260352,0
64,selu,18,173.41897996484477,0
65,elu,18,180.2375328290218,0
66,gelu,18,262.1928353608382,0
67,swish,18,201.03813811099096,0
68,mish,18,206.44842678493296,0
69,lisht,18,200.71705097093945,0
70,lineal,19,177.39324744934856,0
71,sigmoid,19,176.98891416183324,0
72,tanh,19,184.48745162606065,0
73,relu,19,177.1463976820378,0
74,selu,19,184.19983566484007,0
75,elu,19,177.4851926642441,0
76,gelu,19,267.8216874459031,0
77,swish,19,198.10803783190204,0
78,mish,19,212.79151514430123,0
79,lisht,19,204.50695292909225,0
80,lineal,20,182.9530146617908,0
81,sigmoid,20,182.1932405126572,0
82,tanh,20,181.27949734103456,0
83,relu,20,181.07903819682545,0
84,selu,20,187.53918814504868,0
85,elu,20,182.2834710629395,0
86,gelu,20,266.51259345676226,0
87,swish,20,201.7979606300505,0
88,mish,20,214.872260102944,0
89,lisht,20,210.2577382111631,0
90,lineal,21,180.25192963807785,0
91,sigmoid,21,185.37811110682375,0
92,tanh,21,,0
93,relu,21,185.51781475813183,0
94,selu,21,185.37603668667725,0
95,elu,21,185.3272793639626,0
96,gelu,21,271.9619076190429,0
97,swish,21,214.74248297892336,0
98,mish,21,212.6391927611112,0
99,lisht,21,213.962086576852,0
100,lineal,22,183.20227565713867,0
101,sigmoid,22,188.0941130620049,0
102,tanh,22,187.0863412110048,0
103,relu,22,181.69021983694984,0
104,selu,22,189.3703263229254,0
105,elu,22,189.0506650109892,0
106,gelu,22,277.2803353230993,0
107,swish,22,210.81666252180003,0
108,mish,22,217.0700739381864,0
109,lisht,22,217.19703316822412,0
110,lineal,23,186.5974674818135,0
111,sigmoid,23,189.45044622078424,0
112,tanh,23,185.36679808067856,0
113,relu,23,192.95439806723152,0
114,selu,23,192.332385591435,0
115,elu,23,190.7554396931664,0
116,gelu,23,273.2285933520179,0
117,swish,23,214.81293930698305,0
118,mish,23,220.7520689421217,0
119,lisht,23,220.4311108441907,0
120,lineal,24,180.09933607446146,0
121,sigmoid,24,196.86388417024864,0
122,tanh,24,195.53260400745785,0
123,relu,24,185.77268890597043,0
124,selu,24,196.9674422968528,0
125,elu,24,195.2080542447802,0
126,gelu,24,277.03799615745083,0
127,swish,24,218.6800471226452,0
128,mish,24,220.3259342133824,0
129,lisht,24,216.76595177612035,0
130,lineal,25,194.66565738082863,0
131,sigmoid,25,187.79554856207687,0
132,tanh,25,200.614038623462,0
133,relu,25,195.78884161185124,0
134,selu,25,191.9123349516012,0
135,elu,25,197.9005708893528,0
136,gelu,25,281.7102036078868,0
137,swish,25,221.1631049045245,0
138,mish,25,218.0476372996636,0
139,lisht,25,228.7375724100857,0
140,lineal,26,185.66412157556624,0
141,sigmoid,26,203.20313562988304,0
142,tanh,26,191.58662608647137,0
143,relu,26,202.72726945020256,0
144,selu,26,192.0945702184981,0
145,elu,26,201.4292058884457,0
146,gelu,26,285.69033353967825,0
147,swish,26,213.4521904435824,0
148,mish,26,233.7345939669176,0
149,lisht,26,219.593285916606,0
150,lineal,27,201.8040077932237,0
151,sigmoid,27,194.8023891268531,0
152,tanh,27,203.63199482575877,0
153,relu,27,198.15358996132272,0
154,selu,27,193.7947076139972,0
155,elu,27,207.00029688095677,0
156,gelu,27,289.1787383335759,0
157,swish,27,217.45295480411733,0
158,mish,27,235.15572285908277,0
159,lisht,27,225.55946901548305,0
160,lineal,28,190.97975338320248,0
161,sigmoid,28,211.5157661009871,0
162,tanh,28,198.1236091494211,0
163,relu,28,196.65608818561304,0
164,selu,28,210.7560315853625,0
165,elu,28,198.78783057886176,0
166,gelu,28,293.7477694450645,0
167,swish,28,219.31327481591143,0
168,mish,28,240.46962221499416,0
169,lisht,28,228.880454927159,0
170,lineal,29,194.33554382747388,0
171,sigmoid,29,212.4382313862734,0
172,tanh,29,203.5481520126341,0
173,relu,29,201.0407406305312,0
174,selu,29,199.8652580140624,0
175,elu,29,212.2182141142839,0
176,gelu,29,285.5579323807615,0
177,swish,29,239.96317660645585,0
178,mish,29,229.72802151201176,0
179,lisht,29,228.42940291558625,0
180,lineal,30,209.24173824177703,0
181,sigmoid,30,206.55591911668307,0
182,tanh,30,203.9047520738677,0
183,relu,30,203.1022316927265,0
184,selu,30,202.6136841140105,0
185,elu,30,213.03248867974617,0
186,gelu,30,292.0917357719445,0
187,swish,30,241.1034124826256,0
188,mish,30,234.32074330182516,0
189,lisht,30,233.1158126668015,0
190,lineal,31,200.144627190748,0
191,sigmoid,31,205.67407147487395,0
192,tanh,31,205.35883653658675,0
193,relu,31,220.6456158758083,0
194,selu,31,207.8112200401083,0
195,elu,31,206.92185694884392,0
196,gelu,31,300.3467639226292,0
197,swish,31,234.7317358721048,0
198,mish,31,235.53485153411748,0
199,lisht,31,235.1079752877995,0
200,lineal,32,202.68247230601264,0
201,sigmoid,32,208.16974313973333,0
202,tanh,32,208.36693780863425,0
203,relu,32,221.0174014478107,0
204,selu,32,211.5296646313218,0
205,elu,32,209.9652571605402,0
206,gelu,32,293.39307012956124,0
207,swish,32,246.1958213711332,0
208,mish,32,239.7118343231268,0
209,lisht,32,241.3347151474154,0
210,lineal,33,205.98229002585867,0
211,sigmoid,33,211.8769321278669,0
212,tanh,33,211.82975980918852,0
213,relu,33,211.88746078888653,0
214,selu,33,211.57172666140832,0
215,elu,33,211.64642527711112,0
216,gelu,33,309.7823274034017,0
217,swish,33,239.48684407401012,0
218,mish,33,241.92101084746537,0
219,lisht,33,241.99277328301105,0
220,lineal,34,208.0398670110735,0
221,sigmoid,34,214.2861655697343,0
222,tanh,34,214.36395647955945,0
223,relu,34,214.3925748310576,0
224,selu,34,214.52678584042587,0
225,elu,34,214.33099995620432,0
226,gelu,34,298.2942531001463,0
227,swish,34,254.6123664674524,0
228,mish,34,242.1023962274776,0
229,lisht,34,248.1367667512095,0
230,lineal,35,208.83777388732412,0
231,sigmoid,35,215.55324651495903,0
232,tanh,35,214.80060693214185,0
233,relu,35,203.87667115425572,0
234,selu,35,217.50916752041667,0
235,elu,35,217.61474465532228,0
236,gelu,35,324.4764553657442,0
237,swish,35,242.48041919394743,0
238,mish,35,248.1361557180644,0
239,lisht,35,248.3029681921471,0
240,lineal,36,213.73423500245556,0
241,sigmoid,36,219.89456835048625,0
242,tanh,36,219.2773669899616,0
243,relu,36,218.4527158360288,0
244,selu,36,217.12309661720064,0
245,elu,36,203.87156498042168,0
246,gelu,36,323.20409722899785,0
247,swish,36,245.45496894643293,0
248,mish,36,251.54355749106617,0
249,lisht,36,251.0860463536228,0
250,lineal,37,215.61511393549156,0
251,sigmoid,37,221.01995581912345,0
252,tanh,37,218.1977834435238,0
253,relu,37,208.917676234094,0
254,selu,37,223.8542797031696,0
255,elu,37,223.76831536871032,0
256,gelu,37,323.2975769317418,0
257,swish,37,252.18409105527095,0
258,mish,37,234.74624275774116,0
259,lisht,37,255.37261254244368,0
260,lineal,38,220.53297620729427,0
261,sigmoid,38,226.56739615893457,0
262,tanh,38,226.2133397670696,0
263,relu,38,225.91252289444677,0
264,selu,38,224.63038341896024,0
265,elu,38,222.82759078472736,0
266,gelu,38,318.27384655419155,0
267,swish,38,251.69984587319777,0
268,mish,38,256.8294673914497,0
269,lisht,38,255.7527125159395,0
270,lineal,39,200.52040431578644,0
271,sigmoid,39,230.04559147698453,0
272,tanh,39,229.66839300093125,0
273,relu,39,229.5825466317765,0
274,selu,39,228.7055762374657,0
275,elu,39,226.8515865793161,0
276,gelu,39,320.00072743481724,0
277,swish,39,254.84115286165616,0
278,mish,39,259.97757371881744,0
279,lisht,39,257.5887946803705,0
280,lineal,40,205.16322870724247,0
281,sigmoid,40,232.97907665290404,0
282,tanh,40,232.636763807066,0
283,relu,40,231.68997279615724,0
284,selu,40,229.2763472001825,0
285,elu,40,209.7432907001348,0
286,gelu,40,344.2608079241181,0
287,swish,40,256.82256979093654,0
288,mish,40,242.062503287656,0
289,lisht,40,265.9782358080847,0
290,lineal,41,229.27104027071616,0
291,sigmoid,41,234.38751573473564,0
292,tanh,41,231.1106482318719,0
293,relu,41,213.95403982995776,0
294,selu,41,236.6162560430239,0
295,elu,41,235.7050000197487,0
296,gelu,41,324.51808054192225,0
297,swish,41,261.10838668214274,0
298,mish,41,267.8402536083304,0
299,lisht,41,264.80786626960617,0
300,lineal,42,207.54025886391173,0
301,sigmoid,42,238.9729535854713,0
302,tanh,42,238.18500373902495,0
303,relu,42,235.7603382576781,0
304,selu,42,212.9133014215622,0
305,elu,42,239.5355145552894,0
306,gelu,42,327.1018412826816,0
307,swish,42,264.3287940273585,0
308,mish,42,271.6191286307585,0
309,lisht,42,269.54710157722,0
310,lineal,43,224.49206193894497,0
311,sigmoid,43,223.8408135183563,0
312,tanh,43,241.68491982799603,0
313,relu,43,239.5015326879511,0
314,selu,43,213.8066201710899,0
315,elu,43,234.48709784518,0
316,gelu,43,331.0262713433767,0
317,swish,43,267.5037970720732,0
318,mish,43,274.584351466212,0
319,lisht,43,271.3885679562809,0
320,lineal,44,210.35280936260824,0
321,sigmoid,44,245.3112237551832,0
322,tanh,44,243.7958774798899,0
323,relu,44,237.72567767137664,0
324,selu,44,222.0666420676862,0
325,elu,44,244.95411522404171,0
326,gelu,44,335.27055424719583,0
327,swish,44,270.53355113451835,0
328,mish,44,274.07322546912474,0
329,lisht,44,249.6691452942323,0
330,lineal,45,241.58207516855327,0
331,sigmoid,45,245.67098052243816,0
332,tanh,45,234.2051172426436,0
333,relu,45,231.70634431421055,0
334,selu,45,246.9308775335085,0
335,elu,45,240.5136239132553,0
336,gelu,45,339.3580944116402,0
337,swish,45,248.57178567559455,0
338,mish,45,282.4045576292847,0
339,lisht,45,280.490184502356,0
340,lineal,46,233.2270192586002,0
341,sigmoid,46,229.9282499011024,0
342,tanh,46,250.41576560557587,0
343,relu,46,243.560248262831,0
344,selu,46,226.53104005614296,0
345,elu,46,250.61171076708703,0
346,gelu,46,342.4970825589553,0
347,swish,46,275.50418144787545,0
348,mish,46,253.05145856857416,0
349,lisht,46,286.4896837058186,0
350,lineal,47,244.90042248091777,0
351,sigmoid,47,221.7141200140468,0
352,tanh,47,255.3892198956746,0
353,relu,47,252.3136464720301,0
354,selu,47,221.96353657587315,0
355,elu,47,255.157215567946,0
356,gelu,47,346.59310766728595,0
357,swish,47,280.0836007069447,0
358,mish,47,279.2209578817128,0
359,lisht,47,263.9555128638749,0
360,lineal,48,249.0913210711151,0
361,sigmoid,48,244.0129131830763,0
362,tanh,48,236.8973399196111,0
363,relu,48,255.87324429981527,0
364,selu,48,223.84436663388624,0
365,elu,48,258.279411745898,0
366,gelu,48,349.962278272229,0
367,swish,48,282.70541586578474,0
368,mish,48,257.10227699842653,0
369,lisht,48,283.68992528141825,0
370,lineal,49,250.2458125783596,0
371,sigmoid,49,227.0838694416452,0
372,tanh,49,260.7347953092831,0
373,relu,49,255.36376900883624,0
374,selu,49,230.3819991760247,0
375,elu,49,259.41862108942587,0
376,gelu,49,352.7200398906716,0
377,swish,49,280.68645002206904,0
378,mish,49,267.47967566284933,0
379,lisht,49,294.12806117295986,0
380,lineal,50,220.00103919766843,0
381,sigmoid,50,254.9851913208549,0
382,tanh,50,259.798631134996,0
383,relu,50,231.0580582868424,0
384,selu,50,263.23503897336195,0
385,elu,50,252.541629124491,0
386,gelu,50,330.75517154083354,0
387,swish,50,291.4950044783181,0
388,mish,50,297.58932990042376,0
389,lisht,50,260.04583644267404,0
390,lineal,51,260.72188548048143,0
391,sigmoid,51,260.2251719928172,0
392,tanh,51,235.37148402945604,0
393,relu,51,265.18923306054785,0
394,selu,51,229.71625063265677,0
395,elu,51,267.68400582883623,0
396,gelu,51,360.0446699570748,0
397,swish,51,288.60635220829863,0
398,mish,51,270.03160326587385,0
399,lisht,51,300.9774459916516,0
400,lineal,52,224.08464650603128,0
401,sigmoid,52,270.6224285753269,0
402,tanh,52,262.75028644141275,0
403,relu,52,239.1150389114337,0
404,selu,52,267.29168685289915,0
405,elu,52,233.6364844842756,0
406,gelu,52,365.5121003111126,0
407,swish,52,296.717041008058,0
408,mish,52,295.3191544312285,0
409,lisht,52,276.59406230115565,0
410,lineal,53,260.78929867295665,0
411,sigmoid,53,237.65308832380103,0
412,tanh,53,271.2952921042452,0
413,relu,53,234.08424667851068,0
414,selu,53,273.3466063494561,0
415,elu,53,262.4825721870293,0
416,gelu,53,337.77882356222835,0
417,swish,53,301.0648316842853,0
418,mish,53,305.0031409940275,0
419,lisht,53,270.574396419368,0
420,lineal,54,266.7354562889086,0
421,sigmoid,54,236.58675399096683,0
422,tanh,54,275.6521070256422,0
423,relu,54,259.65409344880027,0
424,selu,54,251.8627816286462,0
425,elu,54,268.379956358287,0
426,gelu,54,336.35958899135585,0
427,swish,54,304.41408434705227,0
428,mish,54,308.7449321488093,0
429,lisht,54,272.04798588968697,0
430,lineal,55,269.2094224213506,0
431,sigmoid,55,238.8159990531567,0
432,tanh,55,278.4583372397756,0
433,relu,55,237.1740863592131,0
434,selu,55,279.5112201378506,0
435,elu,55,266.4536027399008,0
436,gelu,55,344.1445142785087,0
437,swish,55,307.21699736537994,0
438,mish,55,307.440326821903,0
439,lisht,55,279.5873882138403,0
440,lineal,56,268.2278220646258,0
441,sigmoid,56,244.74236622144235,0
442,tanh,56,278.22314602171537,0
443,relu,56,242.44529768408395,0
444,selu,56,279.997721072461,0
445,elu,56,240.85796045296595,0
446,gelu,56,379.4514503328828,0
447,swish,56,307.2821970435034,0
448,mish,56,277.02023762176395,0
449,lisht,56,318.10952092238585,0
450,lineal,57,233.36417666522905,0
451,sigmoid,57,284.67477254674304,0
452,tanh,57,241.3137132370321,0
453,relu,57,285.20287620436284,0
454,selu,57,267.2292940297048,0
455,elu,57,258.2907979916781,0
456,gelu,57,379.9041278700752,0
457,swish,57,271.4928912440373,0
458,mish,57,322.6428685167921,0
459,lisht,57,304.3410903873446,0
460,lineal,58,252.70952016906813,0
461,sigmoid,58,273.5117332181253,0
462,tanh,58,258.04829914754373,0
463,relu,58,276.6150960647501,0
464,selu,58,254.9699160208984,0
465,elu,58,278.7047149780556,0
466,gelu,58,349.92353489858215,0
467,swish,58,316.88597937396844,0
468,mish,58,310.7632936745067,0
469,lisht,58,294.43500080535887,0
470,lineal,59,267.02557397205965,0
471,sigmoid,59,261.65737300069304,0
472,tanh,59,276.4665489430481,0
473,relu,59,260.29180090746377,0
474,selu,59,277.0200369086233,0
475,elu,59,259.5851558475988,0
476,gelu,59,387.515404862148,0
477,swish,59,276.9488855810778,0
478,mish,59,329.18632461476955,0
479,lisht,59,280.50774697892484,0
480,lineal,60,287.22780851245625,0
481,sigmoid,60,247.9484730096883,0
482,tanh,60,294.6168219363317,0
483,relu,60,248.2698625466146,0
484,selu,60,294.51619748666417,0
485,elu,60,248.32124888297403,0
486,gelu,60,395.4517868058465,0
487,swish,60,319.1599379439722,0
488,mish,60,290.0008524625446,0
489,lisht,60,329.3676302693784,0
490,lineal,61,245.08449551369995,0
491,sigmoid,61,291.9178018611565,0
492,tanh,61,255.74340947068413,0
493,relu,61,291.5053150159656,0
494,selu,61,256.7468798201008,0
495,elu,61,289.74303219100693,0
496,gelu,61,356.47314329035,0
497,swish,61,326.645389836136,0
498,mish,61,286.64876054998604,0
499,lisht,61,323.6109918923757,0
500,lineal,62,243.36657398223176,0
501,sigmoid,62,300.5709552530316,0
502,tanh,62,253.31709093577228,0
503,relu,62,299.2485988443368,0
504,selu,62,253.94758761511184,0
505,elu,62,297.80153700176743,0
506,gelu,62,379.5127379304322,0
507,swish,62,303.95162617304595,0
508,mish,62,328.7149713622348,0
509,lisht,62,298.7665722993843,0
510,lineal,63,273.8077543952095,0
511,sigmoid,63,274.7615857739001,0
512,tanh,63,253.5099133917247,0
513,relu,63,303.43156109921983,0
514,selu,63,254.500289579737,0
515,elu,63,302.080688240123,0
516,gelu,63,386.0784119220916,0
517,swish,63,302.1951213190914,0
518,mish,63,332.18373171184794,0
519,lisht,63,300.250373417628,0
520,lineal,64,275.67145066155354,0
521,sigmoid,64,277.28783805816784,0
522,tanh,64,255.5119645374361,0
523,relu,64,306.4117978716968,0
524,selu,64,256.9848664117744,0
525,elu,64,303.88218189013423,0
526,gelu,64,357.0811018307577,0
527,swish,64,324.0172391324013,0
528,mish,64,328.5076977404824,0
529,lisht,64,308.72522585780825,0
530,lineal,65,248.10538286718656,0
531,sigmoid,65,309.28067972135614,0
532,tanh,65,259.07349563387106,0
533,relu,65,306.00551626100787,0
534,selu,65,260.90847827511607,0
535,elu,65,301.9132497199462,0
536,gelu,65,364.5033868586179,0
537,swish,65,338.43331059161574,0
538,mish,65,296.16468287078897,0
539,lisht,65,346.95544930471806,0
540,lineal,66,252.637320505135,0
541,sigmoid,66,305.7950638016628,0
542,tanh,66,265.822551366844,0
543,relu,66,298.18380696253735,0
544,selu,66,272.7149378156173,0
545,elu,66,259.13056952963234,0
546,gelu,66,415.7715480624465,0
547,swish,66,333.4336308062484,0
548,mish,66,307.0545052840607,0
549,lisht,66,338.4028442558192,0
550,lineal,67,265.3244208236865,0
551,sigmoid,67,261.4023503475473,0
552,tanh,67,314.1047877446399,0
553,relu,67,263.8142524394789,0
554,selu,67,310.0680880379805,0
555,elu,67,266.94467063137563,0
556,gelu,67,415.8548555795569,0
557,swish,67,295.4746052187402,0
558,mish,67,352.6618376435363,0
559,lisht,67,302.48026375690824,0
560,lineal,68,300.9918708928162,0
561,sigmoid,68,273.1951236350578,0
562,tanh,68,294.0555082928913,0
563,relu,68,287.9867845719855,0
564,selu,68,264.7186317118176,0
565,elu,68,315.5023734890565,0
566,gelu,68,369.079384752491,0
567,swish,68,350.22930322634056,0
568,mish,68,303.46733168317587,0
569,lisht,68,357.58234418774373,0
570,lineal,69,259.1171265783487,0
571,sigmoid,69,312.35751833594986,0
572,tanh,69,275.01238598581403,0
573,relu,69,295.16167316114297,0
574,selu,69,291.65275306103285,0
575,elu,69,267.2329403316835,0
576,gelu,69,425.9765907325782,0
577,swish,69,297.61943785159383,0
578,mish,69,362.4609729254735,0
579,lisht,69,305.6175494703639,0
580,lineal,70,311.6342224313121,0
581,sigmoid,70,274.1332561861491,0
582,tanh,70,307.8248145132093,0
583,relu,70,285.295631117624,0
584,selu,70,269.18310828952235,0
585,elu,70,322.6730847739673,0
586,gelu,70,374.7918121074909,0
587,swish,70,355.7403404491197,0
588,mish,70,309.0577168226592,0
589,lisht,70,363.5684005684161,0
590,lineal,71,264.7741764616803,0
591,sigmoid,71,312.0970103200525,0
592,tanh,71,285.9978836591763,0
593,relu,71,271.13855076153413,0
594,selu,71,325.3196684461727,0
595,elu,71,274.49316657014424,0
596,gelu,71,431.0853389202384,0
597,swish,71,306.1646087600384,0
598,mish,71,364.6168039122422,0
599,lisht,71,315.3134575679724,0
600,lineal,72,298.3497137945087,0
601,sigmoid,72,295.53057290270226,0
602,tanh,72,274.0309556979628,0
603,relu,72,326.27445666524,0
604,selu,72,279.00760762917344,0
605,elu,72,308.3589897821075,0
606,gelu,72,402.7220930043841,0
607,swish,72,349.7663895321893,0
608,mish,72,326.7850831921969,0
609,lisht,72,310.99286830588244,0
610,lineal,73,324.46196461466025,0
611,sigmoid,73,278.44357610304723,0
612,tanh,73,321.5118510745233,0
613,relu,73,288.10185008472763,0
614,selu,73,275.19213739654515,0
615,elu,73,331.89385328959906,0
616,gelu,73,383.9652743152401,0
617,swish,73,364.4320970667177,0
618,mish,73,318.0679858016956,0
619,lisht,73,369.6136409842293,0
620,lineal,74,274.552194930875,0
621,sigmoid,74,275.88673794304486,0
622,tanh,74,336.6288281077577,0
623,relu,74,280.85856895078905,0
624,selu,74,323.6919947590213,0
625,elu,74,290.6957178123994,0
626,gelu,74,426.2388573446369,0
627,swish,74,327.12489525804995,0
628,mish,74,316.5336297805188,0
629,lisht,74,379.5599083668494,0
630,lineal,75,272.04314205021365,0
631,sigmoid,75,325.3870770042704,0
632,tanh,75,293.6587423887977,0
633,relu,75,280.06619781051995,0
634,selu,75,335.4791155613493,0
635,elu,75,284.9110595615348,0
636,gelu,75,440.7838827404776,0
637,swish,75,319.95244519837433,0
638,mish,75,366.3991169517976,0
639,lisht,75,336.05713267129613,0
640,lineal,76,271.96509231621167,0
641,sigmoid,76,336.7421398595907,0
642,tanh,76,289.87333612146904,0
643,relu,76,280.54867189077777,0
644,selu,76,342.6811257777736,0
645,elu,76,285.1005555257434,0
646,gelu,76,447.5606586104259,0
647,swish,76,320.306187702372,0
648,mish,76,374.4106297866092,0
649,lisht,76,334.7167454168957,0
650,lineal,77,273.1767435998481,0
651,sigmoid,77,342.90591979623423,0
652,tanh,77,290.61632268174435,0
653,relu,77,281.7321111478086,0
654,selu,77,346.75383014406543,0
655,elu,77,286.8010083498957,0
656,gelu,77,451.0503130958241,0
657,swish,77,322.46086018244387,0
658,mish,77,375.6423855422472,0
659,lisht,77,338.65086082805647,0
660,lineal,78,274.70919002915616,0
661,sigmoid,78,342.801078920922,0
662,tanh,78,294.8560792117205,0
663,relu,78,284.2793958303228,0
664,selu,78,348.6175674823171,0
665,elu,78,290.3240714725398,0
666,gelu,78,451.851645538758,0
667,swish,78,328.0906999560248,0
668,mish,78,369.8416404054733,0
669,lisht,78,349.9440936030296,0
670,lineal,79,277.79224705017987,0
671,sigmoid,79,338.8850852184987,0
672,tanh,79,303.1298097510298,0
673,relu,79,287.8746890567709,0
674,selu,79,345.87394795008004,0
675,elu,79,297.1973036740965,0
676,gelu,79,445.174945771083,0
677,swish,79,339.3783855036017,0
678,mish,79,327.249663662893,0
679,lisht,79,396.7375554511382,0
680,lineal,80,282.67359140867484,0
681,sigmoid,80,286.36115897400305,0
682,tanh,80,357.9489004276111,0
683,relu,80,292.549370947876,0
684,selu,80,331.5987245591241,0
685,elu,80,314.53444588390994,0
686,gelu,80,397.530799290922,0
687,swish,80,389.9552743841487,0
688,mish,80,334.0779696618847,0
689,lisht,80,388.44814564759145,0
690,lineal,81,294.1450817065197,0
691,sigmoid,81,290.7056694944331,0
692,tanh,81,347.5872840071679,0
693,relu,81,305.1665487358405,0
694,selu,81,290.9276132572268,0
695,elu,81,352.1929239508172,0
696,gelu,81,410.5189496035164,0
697,swish,81,379.9141550725617,0
698,mish,81,348.7386167081131,0
699,lisht,81,332.3833775140811,0
700,lineal,82,347.40291613157024,0
701,sigmoid,82,301.4486081931973,0
702,tanh,82,292.5359947227407,0
703,relu,82,358.20410321463714,0
704,selu,82,300.8812838429585,0
705,elu,82,292.5577580772224,0
706,gelu,82,476.92843533682753,0
707,swish,82,328.7561487847415,0
708,mish,82,401.94293588612345,0
709,lisht,82,342.83501121835434,0
710,lineal,83,284.12003365767305,0
711,sigmoid,83,361.9508541635878,0
712,tanh,83,303.0177538715361,0
713,relu,83,294.8051593279815,0
714,selu,83,362.7156130457879,0
715,elu,83,302.6025755495357,0
716,gelu,83,463.3851854719978,0
717,swish,83,345.8853129333584,0
718,mish,83,337.4082213516522,0
719,lisht,83,408.9078267891309,0
720,lineal,84,293.1947358191828,0
721,sigmoid,84,295.86050229507964,0
722,tanh,84,365.486798952159,0
723,relu,84,305.4464978166216,0
724,selu,84,296.60947656584904,0
725,elu,84,365.6840621546726,0
726,gelu,84,416.32331126122153,0
727,swish,84,391.2481686461542,0
728,mish,84,354.8439744297066,0
729,lisht,84,340.12949057488004,0
730,lineal,85,355.5990397290734,0
731,sigmoid,85,309.02179776804405,0
732,tanh,85,299.6736205624184,0
733,relu,85,363.0821031953092,0
734,selu,85,311.2011111485772,0
735,elu,85,300.0609909053019,0
736,gelu,85,485.247541454999,0
737,swish,85,339.1309921819484,0
738,mish,85,400.4814324663894,0
739,lisht,85,360.5173588146863,0
740,lineal,86,292.83590298789204,0
741,sigmoid,86,353.7502045452711,0
742,tanh,86,323.71238778182305,0
743,relu,86,304.72951182565885,0
744,selu,86,351.01605986067443,0
745,elu,86,326.3698830078938,0
746,gelu,86,415.68157069405424,0
747,swish,86,406.0997116692597,0
748,mish,86,353.42168386024423,0
749,lisht,86,382.10910478251753,0
750,lineal,87,328.2117552110867,0
751,sigmoid,87,309.14959509836626,0
752,tanh,87,302.43302796944045,0
753,relu,87,374.4540409935289,0
754,selu,87,312.5477326596738,0
755,elu,87,303.665546597651,0
756,gelu,87,494.6087479121343,0
757,swish,87,343.14321933331667,0
758,mish,87,408.2477210649522,0
759,lisht,87,365.3832201931218,0
760,lineal,88,297.6451705129002,0
761,sigmoid,88,356.57650718378136,0
762,tanh,88,331.31950465473346,0
763,relu,88,309.99170854710974,0
764,selu,88,347.6371003226959,0
765,elu,88,338.87106110338937,0
766,gelu,88,424.0215837297728,0
767,swish,88,407.59434728568885,0
768,mish,88,362.7886779169203,0
769,lisht,88,349.4301047809422,0
770,lineal,89,367.1754610963108,0
771,sigmoid,89,318.8637559855997,0
772,tanh,89,309.06631536365603,0
773,relu,89,369.0369307198562,0
774,selu,89,325.6161304762936,0
775,elu,89,310.53574507305166,0
776,gelu,89,493.4399961523595,0
777,swish,89,354.4565894037951,0
778,mish,89,351.37754825360025,0
779,lisht,89,429.96868332033046,0
780,lineal,90,305.9367804766516,0
781,sigmoid,90,308.9176707441802,0
782,tanh,90,379.2268395806023,0
783,relu,90,323.5124293178087,0
784,selu,90,311.39549113303656,0
785,elu,90,371.7050576249312,0
786,gelu,90,445.3449077147525,0
787,swish,90,345.87957650076714,0
788,mish,90,433.6172504904971,0
789,lisht,90,361.6460165538592,0
790,lineal,91,300.9548435866018,0
791,sigmoid,91,384.4869442700874,0
792,tanh,91,323.8068438244518,0
793,relu,91,313.67331705227843,0
794,selu,91,377.0254096109711,0
795,elu,91,329.40515980051714,0
796,gelu,91,429.1148918951512,0
797,swish,91,423.28133246771176,0
798,mish,91,366.2307413367962,0
799,lisht,91,355.74624149283045,0
800,lineal,92,380.286641395709,0
801,sigmoid,92,323.2551324131782,0
802,tanh,92,315.3182348019909,0
803,relu,92,379.0243173917406,0
804,selu,92,332.23571111861384,0
805,elu,92,317.64729184290627,0
806,gelu,92,502.4286493820255,0
807,swish,92,364.2905805000337,0
808,mish,92,359.5937987535144,0
809,lisht,92,435.74360690489993,0
810,lineal,93,315.9622752376017,0
811,sigmoid,93,317.41012698662234,0
812,tanh,93,374.8211504642677,0
813,relu,93,340.1706303655519,0
814,selu,93,320.8123123847181,0
815,elu,93,314.55845956891426,0
816,gelu,93,520.6564384076046,0
817,swish,93,356.21754802399664,0
818,mish,93,428.5632325145707,0
819,lisht,93,381.0091686404485,0
820,lineal,94,310.57835147180595,0
821,sigmoid,94,360.0396493570297,0
822,tanh,94,356.6647913744964,0
823,relu,94,326.6181396030006,0
824,selu,94,318.36501141716144,0
825,elu,94,391.8460951053712,0
826,gelu,94,450.8242468489334,0
827,swish,94,354.5886567517591,0
828,mish,94,449.1773089032795,0
829,lisht,94,371.18039080826566,0
830,lineal,95,309.5338899502822,0
831,sigmoid,95,395.3634971211432,0
832,tanh,95,335.73972636423423,0
833,relu,95,324.27834037621506,0
834,selu,95,377.7772347515274,0
835,elu,95,348.2584913861647,0
836,gelu,95,444.12058055071975,0
837,swish,95,426.1146556780732,0
838,mish,95,385.9323002618621,0
839,lisht,95,369.2120755731303,0
840,lineal,96,370.1698329257197,0
841,sigmoid,96,349.37539925592137,0
842,tanh,96,328.8344372728898,0
843,relu,96,322.76607165060705,0
844,selu,96,399.9344154827704,0
845,elu,96,336.303031137737,0
846,gelu,96,441.7556315590628,0
847,swish,96,440.7936706222536,0
848,mish,96,379.0560531782394,0
849,lisht,96,369.3933644898643,0
850,lineal,97,391.5334085859649,0
851,sigmoid,97,336.92347468229127,0
852,tanh,97,327.6146942281048,0
853,relu,97,373.36956487922,0
854,selu,97,359.75728355534375,0
855,elu,97,332.29527054564096,0
856,gelu,97,491.3521221473056,0
857,swish,97,399.3197305914364,0
858,mish,97,376.883113311429,0
859,lisht,97,420.0612745404069,0
860,lineal,98,350.0555744738085,0
861,sigmoid,98,333.98594876230345,0
862,tanh,98,327.55709134071367,0
863,relu,98,392.5855045115459,0
864,selu,98,348.5328332449717,0
865,elu,98,331.8428054370743,0
866,gelu,98,510.0463354215317,0
867,swish,98,388.8776655206166,0
868,mish,98,377.1818650999048,0
869,lisht,98,435.4504470671236,0
870,lineal,99,342.98207707778784,0
871,sigmoid,99,334.138027057983,0
872,tanh,99,328.42487743645324,0
873,relu,99,401.3885051646212,0
874,selu,99,346.53468062824686,0
875,elu,99,333.2592374297383,0
876,gelu,99,518.4756290574151,0
877,swish,99,387.1057427332271,0
878,mish,99,378.5708366051258,0
879,lisht,99,441.7670409102284,0
880,lineal,100,342.1578533113934,0
881,sigmoid,100,335.207466946682,0
882,tanh,100,329.99318115829374,0
883,relu,100,405.15327003292623,0
884,selu,100,348.1428860693122,0
885,elu,100,335.0734425219125,0
886,gelu,100,521.2668891780777,0
887,swish,100,390.0472096470767,0
888,mish,100,380.78494789623073,0
889,lisht,100,440.9563956961792,0
890,lineal,101,347.59903323778417,0
891,sigmoid,101,337.9702098585258,0
892,tanh,101,333.4950771591102,0
893,relu,101,404.3834467073029,0
894,selu,101,353.2265815969149,0
895,elu,101,337.16322710260283,0
896,gelu,101,515.1519301229855,0
897,swish,101,399.5825923993543,0
898,mish,101,383.9620543298661,0
899,lisht,101,,0
900,lineal,102,359.6922481148504,0
901,sigmoid,102,341.1633253865293,0
902,tanh,102,335.3997288556129,0
903,relu,102,394.3882463068003,0
904,selu,102,365.83555864184746,0
905,elu,102,340.57893861064804,0
906,gelu,102,501.2329550746072,0
907,swish,102,416.66884239183855,0
908,mish,102,388.2115970966697,0
909,lisht,102,380.54873393665184,0
910,lineal,103,410.1796836137655,0
911,sigmoid,103,347.193370155117,0
912,tanh,103,339.17005085901474,0
913,relu,103,334.1698663501011,0
914,selu,103,424.4045396143047,0
915,elu,103,346.1799093618756,0
916,gelu,103,458.2910889170598,0
917,swish,103,458.8917746889347,0
918,mish,103,395.8256142995088,0
919,lisht,103,385.7503652930318,0
920,lineal,104,394.0704934588284,0
921,sigmoid,104,363.24583889421774,0
922,tanh,104,343.5902252024098,0
923,relu,104,338.53443149128,0
924,selu,104,411.6301154138928,0
925,elu,104,359.0252212189662,0
926,gelu,104,464.72771910746815,0
927,swish,104,444.915615791193,0
928,mish,104,412.3735917013255,0
929,lisht,104,391.1943827832874,0
930,lineal,105,328.790160773322,0
931,sigmoid,105,424.13138543401146,0
932,tanh,105,353.6323971053644,0
933,relu,105,344.70846324122977,0
934,selu,105,339.7566827906412,0
935,elu,105,428.0461246776104,0
936,gelu,105,475.7170621168916,0
937,swish,105,381.1170571230177,0
938,mish,105,477.2405212241283,0
939,lisht,105,399.9455896517902,0
940,lineal,106,334.2682085230481,0
941,sigmoid,106,340.80477435758803,0
942,tanh,106,434.4094597684452,0
943,relu,106,352.5711460559105,0
944,selu,106,346.0082652087149,0
945,elu,106,397.6467987701472,0
946,gelu,106,509.22957417802536,0
947,swish,106,387.6999585427402,0
948,mish,106,445.8014839121024,0
949,lisht,106,431.2197369937203,0
950,lineal,107,340.4587672940106,0
951,sigmoid,107,346.3343809338112,0
952,tanh,107,403.5916070805106,0
953,relu,107,380.1159291378863,0
954,selu,107,352.65031151889707,0
955,elu,107,347.0747007919708,0
956,gelu,107,557.2471609824861,0
957,swish,107,398.89297463485855,0
958,mish,107,396.4110541737755,0
959,lisht,107,467.3511707810394,0
960,lineal,108,359.10775452677626,0
961,sigmoid,108,353.1239536758221,0
962,tanh,108,347.7684573737788,0
963,relu,108,412.0018469619099,0
964,selu,108,378.4872617361252,0
965,elu,108,354.3318745094293,0
966,gelu,108,471.1605271293083,0
967,swish,108,478.5658873465436,0
968,mish,108,407.2431426536932,0
969,lisht,108,398.0952587455977,0
970,lineal,109,408.0869434272754,0
971,sigmoid,109,375.528518069128,0
972,tanh,109,355.3537308918894,0
973,relu,109,350.4895842783735,0
974,selu,109,411.3041101733688,0
975,elu,109,382.9764342296403,0
976,gelu,109,482.6949200656964,0
977,swish,109,388.428739547031,0
978,mish,109,495.2223122658325,0
979,lisht,109,408.4017264711438,0
980,lineal,110,342.3962007545633,0
981,sigmoid,110,401.2704799032072,0
982,tanh,110,394.9236046801088,0
983,relu,110,362.0520509154303,0
984,selu,110,354.8244870622875,0
985,elu,110,401.5897569196532,0
986,gelu,110,530.048275894078,0
987,swish,110,398.3255991209298,0
988,mish,110,400.6895195423858,0
989,lisht,110,497.6553119790042,0
990,lineal,111,352.9675154836732,0
991,sigmoid,111,356.5564948747633,0
992,tanh,111,351.4942321360577,0
993,relu,111,444.0419625079376,0
994,selu,111,368.7889124116628,0
995,elu,111,358.40597940050066,0
996,gelu,111,542.1468054460129,0
997,swish,111,432.1606986526749,0
998,mish,111,411.07751208229456,0
999,lisht,111,403.7958436289919,0
1000,lineal,112,429.4160467556794,0
1001,sigmoid,112,373.4191686383565,0
1002,tanh,112,360.65938136179466,0
1003,relu,112,355.83577385690296,0
1004,selu,112,428.92741714348085,0
1005,elu,112,383.5214292550809,0
1006,gelu,112,489.6222730762093,0
1007,swish,112,395.4332554684952,0
1008,mish,112,505.7129229298444,0
1009,lisht,112,415.9409995669266,0
1010,lineal,113,348.903882759274,0
1011,sigmoid,113,355.3352100783959,0
1012,tanh,113,455.3044300028123,0
1013,relu,113,370.497511122725,0
1014,selu,113,361.748507434153,0
1015,elu,113,357.2634089955245,0
1016,gelu,113,590.8151696995483,0
1017,swish,113,408.2816645543208,0
1018,mish,113,409.5816891655559,0
1019,lisht,113,497.9523680513376,0
1020,lineal,114,365.5783957073581,0
1021,sigmoid,114,365.46305294375634,0
1022,tanh,114,360.55900126550114,0
1023,relu,114,431.1104969849112,0
1024,selu,114,391.7091601518914,0
1025,elu,114,368.4970240754192,0
1026,gelu,114,488.3885309615871,0
1027,swish,114,493.1068095476367,0
1028,mish,114,427.5470072486787,0
1029,lisht,114,414.9329915794078,0
1030,lineal,115,349.43952969589736,0
1031,sigmoid,115,458.5756175349816,0
1032,tanh,115,376.0283322811592,0
1033,relu,115,366.6321931693237,0
1034,selu,115,361.5471834279597,0
1035,elu,115,447.23922982491786,0
1036,gelu,115,516.8030221298104,0
1037,swish,115,408.5824882096495,0
1038,mish,115,476.401197964442,0
1039,lisht,115,454.7573820700054,0
1040,lineal,116,360.74663382489234,0
1041,sigmoid,116,367.0857162273605,0
1042,tanh,116,361.920905765146,0
1043,relu,116,462.9761275242781,0
1044,selu,116,379.2331358839292,0
1045,elu,116,369.4941349703004,0
1046,gelu,116,552.4666128272074,0
1047,swish,116,450.3330753390328,0
1048,mish,116,425.58160439605126,0
1049,lisht,116,417.5264797619311,0
1050,lineal,117,430.1447652797215,0
1051,sigmoid,117,395.599108230148,0
1052,tanh,117,374.4165232813102,0
1053,relu,117,368.963045236771,0
1054,selu,117,363.41716460249154,0
1055,elu,117,465.58413448836654,0
1056,gelu,117,512.8159101331257,0
1057,swish,117,411.3123797688168,0
1058,mish,117,499.60304163437104,0
1059,lisht,117,445.3518062905641,0
1060,lineal,118,363.28280037193326,0
1061,sigmoid,118,369.70715108315926,0
1062,tanh,118,424.4962679703021,0
1063,relu,118,413.749582772376,0
1064,selu,118,380.6074065058492,0
1065,elu,118,372.6703698894708,0
1066,gelu,118,566.39283045911,0
1067,swish,118,448.9548104676069,0
1068,mish,118,429.08322205458535,0
1069,lisht,118,421.26485789753497,0
1070,lineal,119,437.0041360486648,0
1071,sigmoid,119,398.9393731030869,0
1072,tanh,119,378.5442585935234,0
1073,relu,119,372.98123423039215,0
1074,selu,119,367.55443193460815,0
1075,elu,119,470.1423868901911,0
1076,gelu,119,520.0293208290241,0
1077,swish,119,416.4005245417357,0
1078,mish,119,496.5781868324848,0
1079,lisht,119,457.11276928934967,0
1080,lineal,120,368.4806617681752,0
1081,sigmoid,120,374.8339022093569,0
1082,tanh,120,369.3290221519419,0
1083,relu,120,474.0254389846232,0
1084,selu,120,388.1168557865312,0
1085,elu,120,378.4782612159616,0
1086,gelu,120,501.1960779336514,0
1087,swish,120,519.6615917074378,0
1088,mish,120,437.3990650573396,0
1089,lisht,120,428.05710885865847,0
1090,lineal,121,416.6698399115703,0
1091,sigmoid,121,421.38144376070704,0
1092,tanh,121,388.8425215724856,0
1093,relu,121,379.50335295766126,0
1094,selu,121,373.5879728427972,0
1095,elu,121,455.050582501397,0
1096,gelu,121,540.6654824504512,0
1097,swish,121,424.3482966849115,0
1098,mish,121,424.8529083908652,0
1099,lisht,121,530.5113295391784,0
1100,lineal,122,378.2740949331783,0
1101,sigmoid,122,382.4097395783756,0
1102,tanh,122,375.9686657686252,0
1103,relu,122,448.7028874433017,0
1104,selu,122,413.1151993520325,0
1105,elu,122,387.46724560385337,0
1106,gelu,122,511.092378744157,0
1107,swish,122,503.04373827698873,0
1108,mish,122,459.0221602719976,0
1109,lisht,122,438.1684995812248,0
1110,lineal,123,367.8349136164761,0
1111,sigmoid,123,441.2706032431452,0
1112,tanh,123,422.32698804256506,0
1113,relu,123,391.2420037711854,0
1114,selu,123,383.6642486536293,0
1115,elu,123,377.7846271803137,0
1116,gelu,123,619.4608381177532,0
1117,swish,123,437.1869363171864,0
1118,mish,123,436.3668815847486,0
1119,lisht,123,487.1780394388479,0
1120,lineal,124,416.5391009564628,0
1121,sigmoid,124,395.2011375725269,0
1122,tanh,124,386.3425554095302,0
1123,relu,124,380.9070125614526,0
1124,selu,124,452.32147781417007,0
1125,elu,124,419.3547196870204,0
1126,gelu,124,529.1997452644864,0
1127,swish,124,426.38231384544633,0
1128,mish,124,524.415317867999,0
1129,lisht,124,461.5791266387096,0
1130,lineal,125,378.1712049577036,0
1131,sigmoid,125,385.4464969265973,0
1132,tanh,125,379.9072641064995,0
1133,relu,125,488.22245897585526,0
1134,selu,125,400.52021879021777,0
1135,elu,125,390.148560350819,0
1136,gelu,125,516.3521158865187,0
1137,swish,125,530.5312463587616,0
1138,mish,125,454.2006723036175,0
1139,lisht,125,442.2213075297186,0
1140,lineal,126,371.83054839540273,0
1141,sigmoid,126,478.2702760300017,0
1142,tanh,126,409.140847915085,0
1143,relu,126,393.66510279354407,0
1144,selu,126,388.0563080997672,0
1145,elu,126,382.5152185073239,0
1146,gelu,126,636.2389732748852,0
1147,swish,126,442.107669762976,0
1148,mish,126,442.4873257559957,0
1149,lisht,126,504.6745653126272,0
1150,lineal,127,417.5732769308961,0
1151,sigmoid,127,400.85528821806656,0
1152,tanh,127,392.4891017725458,0
1153,relu,127,386.6550974451821,0
1154,selu,127,461.9219861329766,0
1155,elu,127,425.70560828218,0
1156,gelu,127,537.8525037906948,0
1157,swish,127,433.460387434694,0
1158,mish,127,527.5981593686156,0
1159,lisht,127,473.7091647129273,0
1160,lineal,128,385.52041822246974,0
1161,sigmoid,128,392.4413266616175,0
1162,tanh,128,386.80455330054974,0
1163,relu,128,487.8378859084914,0
1164,selu,128,413.3254953813157,0
1165,elu,128,398.0028744870215,0
1166,gelu,128,526.7679460181971,0
1167,swish,128,527.6760722763138,0
1168,mish,128,471.4545087092556,0
1169,lisht,128,452.6711730905809,0
1170,lineal,129,380.7040295920451,0
1171,sigmoid,129,453.998518768698,0
1172,tanh,129,439.2221317853546,0
1173,relu,129,406.7997616974171,0
1174,selu,129,397.7595424767933,0
1175,elu,129,392.147913050605,0
1176,gelu,129,629.7240517110331,0
1177,swish,129,459.06105419795495,0
1178,mish,129,453.5210360644851,0
1179,lisht,129,447.1947249613004,0
1180,lineal,130,467.9417023897986,0
1181,sigmoid,130,425.8456776182866,0
1182,tanh,130,404.3639108650968,0
1183,relu,130,397.85877435310977,0
1184,selu,130,391.7642345834756,0
1185,elu,130,482.39819012064254,0
1186,gelu,130,567.5250911047915,0
1187,swish,130,447.5271246464108,0
1188,mish,130,448.7114625449176,0
1189,lisht,130,548.2763431257335,0
1190,lineal,131,406.7064819698571,0
1191,sigmoid,131,404.56489437201526,0
1192,tanh,131,398.90215075865854,0
1193,relu,131,393.3113605615217,0
1194,selu,131,493.1626151080709,0
1195,elu,131,422.3259237088496,0
1196,gelu,131,544.8819508595625,0
1197,swish,131,441.5896361904452,0
1198,mish,131,548.8017843493726,0
1199,lisht,131,478.4797315913602,0
1200,lineal,132,393.2876533154049,0
1201,sigmoid,132,400.9347122518229,0
1202,tanh,132,395.1767494783271,0
1203,relu,132,499.85358534689294,0
1204,selu,132,422.9733262278605,0
1205,elu,132,407.6855086262221,0
1206,gelu,132,538.382142720744,0
1207,swish,132,533.3183673844906,0
1208,mish,132,487.0364726516418,0
1209,lisht,132,464.8263127961545,0
1210,lineal,133,390.7447936802055,0
1211,sigmoid,133,398.1905955097173,0
1212,tanh,133,506.0183133420069,0
1213,relu,133,423.3475674749352,0
1214,selu,133,408.7229820552748,0
1215,elu,133,403.5828299142304,0
1216,gelu,133,615.7596968011349,0
1217,swish,133,489.1535443941248,0
1218,mish,133,468.51858684176113,0
1219,lisht,133,460.779520537646,0
1220,lineal,134,387.3092080429778,0
1221,sigmoid,134,510.2753609675565,0
1222,tanh,134,423.1191045489977,0
1223,relu,134,410.5881155204843,0
1224,selu,134,405.23755558481207,0
1225,elu,134,399.6136059844284,0
1226,gelu,134,662.3593036291422,0
1227,swish,134,463.8587865917944,0
1228,mish,134,464.06601606233744,0
1229,lisht,134,456.9740657399525,0
1230,lineal,135,493.7111183761736,0
1231,sigmoid,135,429.4032200714573,0
1232,tanh,135,413.6795202384819,0
1233,relu,135,408.12979628751054,0
1234,selu,135,402.1630560028716,0
1235,elu,135,499.5656857955619,0
1236,gelu,135,581.5094704284566,0
1237,swish,135,459.7078122026869,0
1238,mish,135,461.85770238528494,0
1239,lisht,135,556.0852675130009,0
1240,lineal,136,422.8743809632142,0
1241,sigmoid,136,418.04788683750667,0
1242,tanh,136,411.324882272922,0
1243,relu,136,405.39142852986697,0
1244,selu,136,483.7319226582768,0
1245,elu,136,449.3046735484968,0
1246,gelu,136,565.3970454409719,0
1247,swish,136,456.9194408608018,0
1248,mish,136,527.5716415668139,0
1249,lisht,136,518.2992676126305,0
1250,lineal,137,410.8046135991463,0
1251,sigmoid,137,414.95193454419496,0
1252,tanh,137,409.8886270605144,0
1253,relu,137,404.9347069885698,0
1254,selu,137,524.7106009133277,0
1255,elu,137,429.77161083574174,0
1256,gelu,137,559.2121435527224,0
1257,swish,137,454.8122315738583,0
1258,mish,137,572.3199663615087,0
1259,lisht,137,492.87438913900405,0
1260,lineal,138,406.3139534877264,0
1261,sigmoid,138,414.20632799423765,0
1262,tanh,138,408.066485290532,0
1263,relu,138,509.7846912437235,0
1264,selu,138,441.46664862160105,0
1265,elu,138,423.2326444122009,0
1266,gelu,138,557.7973584436695,0
1267,swish,138,526.7226465663407,0
1268,mish,138,522.0493391710916,0
1269,lisht,138,484.7033568011248,0
1270,lineal,139,405.6599775679642,0
1271,sigmoid,139,414.1655140446383,0
1272,tanh,139,480.5832944374997,0
1273,relu,139,463.0577347127837,0
1274,selu,139,430.8600291562034,0
1275,elu,139,420.2451614665915,0
1276,gelu,139,556.1624020372401,0
1277,swish,139,558.7085837349878,0
1278,mish,139,500.6405807658448,0
1279,lisht,139,480.7774038427742,0
1280,lineal,140,405.268084702373,0
1281,sigmoid,140,413.43466311431257,0
1282,tanh,140,518.2312727536773,0
1283,relu,140,443.3074337514117,0
1284,selu,140,425.892779101152,0
1285,elu,140,419.8814538621809,0
1286,gelu,140,555.2923696616199,0
1287,swish,140,577.8316705728648,0
1288,mish,140,493.6095195625676,0
1289,lisht,140,480.2082211175002,0
1290,lineal,141,405.490099825256,0
1291,sigmoid,141,485.11480644217227,0
1292,tanh,141,467.3007723473129,0
1293,relu,141,434.8677531364956,0
1294,selu,141,424.1841823121067,0
1295,elu,141,419.6535097261076,0
1296,gelu,141,633.0321770379669,0
1297,swish,141,513.1239015618921,0
1298,mish,141,490.1789185104426,0
1299,lisht,141,480.9087015786208,0
1300,lineal,142,405.5402674911311,0
1301,sigmoid,142,512.4480214369833,0
1302,tanh,142,453.2790376945632,0
1303,relu,142,431.8931816496188,0
1304,selu,142,424.2093615089543,0
1305,elu,142,420.1419624265982,0
1306,gelu,142,657.3052151508164,0
1307,swish,142,501.1730884661665,0
1308,mish,142,488.6514494398143,0
1309,lisht,142,480.8064674863708,0
1310,lineal,143,405.9536151562352,0
1311,sigmoid,143,527.3209477488999,0
1312,tanh,143,447.2652031935868,0
1313,relu,143,431.2955707833753,0
1314,selu,143,425.1984643094474,0
1315,elu,143,420.702731368132,0
1316,gelu,143,672.4674662880716,0
1317,swish,143,495.8631018291926,0
1318,mish,143,488.60928595409496,0
1319,lisht,143,482.4364804216893,0
1320,lineal,144,406.4851273328532,0
1321,sigmoid,144,536.9347149341484,0
1322,tanh,144,445.4240984291537,0
1323,relu,144,431.7309233946144,0
1324,selu,144,426.76701573684113,0
1325,elu,144,421.65926860825857,0
1326,gelu,144,681.3659774032421,0
1327,swish,144,496.43203072069446,0
1328,mish,144,490.6420527899172,0
1329,lisht,144,483.684056777216,0
1330,lineal,145,407.862712894741,0
1331,sigmoid,145,543.3880195070524,0
1332,tanh,145,446.0284075001255,0
1333,relu,145,433.2364008732839,0
1334,selu,145,428.42764186678687,0
1335,elu,145,429.15805408067536,0
1336,gelu,145,692.9909520500805,0
1337,swish,145,499.2394154003705,0
1338,mish,145,491.4992340385797,0
1339,lisht,145,485.9398274725536,0
1340,lineal,146,409.14489256957313,0
1341,sigmoid,146,545.6194357716013,0
1342,tanh,146,448.5735086523928,0
1343,relu,146,434.7848989471677,0
1344,selu,146,430.1264271479449,0
1345,elu,146,424.6436850480386,0
1346,gelu,146,687.2343213549466,0
1347,swish,146,500.707908239332,0
1348,mish,146,493.398761185992,0
1349,lisht,146,488.2946724426001,0
1350,lineal,147,411.4252061943407,0
1351,sigmoid,147,545.0591268434655,0
1352,tanh,147,452.14520939369686,0
1353,relu,147,436.82107164902845,0
1354,selu,147,432.03210319718346,0
1355,elu,147,426.7536435139482,0
1356,gelu,147,684.479902674444,0
1357,swish,147,507.146297708794,0
1358,mish,147,497.2706036141608,0
1359,lisht,147,490.9483063161606,0
1360,lineal,148,413.8621944788029,0
1361,sigmoid,148,539.9471078232746,0
1362,tanh,148,460.0897044518497,0
1363,relu,148,440.03664366324665,0
1364,selu,148,434.28395203576656,0
1365,elu,148,430.001398713328,0
1366,gelu,148,675.9894169913605,0
1367,swish,148,518.8960156303947,0
1368,mish,148,500.9167143154773,0
1369,lisht,148,493.2323602754623,0
1370,lineal,149,416.2995916935033,0
1371,sigmoid,149,525.6850987182697,0
1372,tanh,149,472.7315283572534,0
1373,relu,149,444.3325340982992,0
1374,selu,149,437.0247614788823,0
1375,elu,149,432.9748880536063,0
1376,gelu,149,651.4370964267291,0
1377,swish,149,536.2406660132692,0
1378,mish,149,505.9336412409321,0
1379,lisht,149,497.58818515832536,0
1380,lineal,150,419.50815709808376,0
1381,sigmoid,150,504.267895553261,0
1382,tanh,150,489.6589308147668,0
1383,relu,150,450.8550560913864,0
1384,selu,150,440.935943598859,0
1385,elu,150,436.4245159245911,0
1386,gelu,150,576.7876659845933,0
1387,swish,150,607.2328101002495,0
1388,mish,150,514.9094603352132,0
1389,lisht,150,501.4481063418207,0
1390,lineal,151,423.5099439425976,0
1391,sigmoid,151,434.0577630515909,0
1392,tanh,151,548.1764658087632,0
1393,relu,151,464.0391288874089,0
1394,selu,151,445.3437550991075,0
1395,elu,151,440.95782846561633,0
1396,gelu,151,581.6476759691141,0
1397,swish,151,587.5701612705016,0
1398,mish,151,532.2546961953631,0
1399,lisht,151,507.316529497155,0
1400,lineal,152,427.8439988380997,0
1401,sigmoid,152,437.9436767310253,0
1402,tanh,152,510.1093452494242,0
1403,relu,152,493.6584815190872,0
1404,selu,152,454.56229137297487,0
1405,elu,152,445.1810778454528,0
1406,gelu,152,589.31558612152,0
1407,swish,152,555.692073997343,0
1408,mish,152,560.0675018510083,0
1409,lisht,152,515.3426400150056,0
1410,lineal,153,432.4534653443261,0
1411,sigmoid,153,443.10741663060617,0
1412,tanh,153,438.7716421097866,0
1413,relu,153,537.7502073312062,0
1414,selu,153,479.9972399159451,0
1415,elu,153,452.4465119239176,0
1416,gelu,153,596.3323499856051,0
1417,swish,153,490.9571393477381,0
1418,mish,153,608.2642862107023,0
1419,lisht,153,536.3225868858281,0
1420,lineal,154,437.580888278957,0
1421,sigmoid,154,447.43246593402,0
1422,tanh,154,444.3905926882872,0
1423,relu,154,439.45106213510735,0
1424,selu,154,561.9536701697507,0
1425,elu,154,468.75877991347807,0
1426,gelu,154,603.7667104672873,0
1427,swish,154,497.5367786057177,0
1428,mish,154,501.0091790499282,0
1429,lisht,154,634.1046957260696,0
1430,lineal,155,448.9663799884147,0
1431,sigmoid,155,452.6755304943654,0
1432,tanh,155,449.5600612360868,0
1433,relu,155,444.8412004075944,0
1434,selu,155,440.3520743272966,0
1435,elu,155,576.5106963163125,0
1436,gelu,155,619.7207708011847,0
1437,swish,155,503.9766151940567,0
1438,mish,155,508.0964228390367,0
1439,lisht,155,587.8124417760409,0
1440,lineal,156,482.65504817920737,0
1441,sigmoid,156,463.2193443696015,0
1442,tanh,156,454.86222597572487,0
1443,relu,156,450.4568184950622,0
1444,selu,156,445.6399722254719,0
1445,elu,156,526.8215466754045,0
1446,gelu,156,663.2651842605555,0
1447,swish,156,510.98280535975937,0
1448,mish,156,514.4817335014814,0
1449,lisht,156,508.1019167762133,0
1450,lineal,157,524.7077932530083,0
1451,sigmoid,157,495.7520951547194,0
1452,tanh,157,464.1655730694183,0
1453,relu,157,456.5142403559876,0
1454,selu,157,451.8529519500444,0
1455,elu,157,446.914488557959,0
1456,gelu,157,723.863669137063,0
1457,swish,157,529.6232276731753,0
1458,mish,157,521.6285758176236,0
1459,lisht,157,515.7893018666073,0
1460,lineal,158,435.2344728984172,0
1461,sigmoid,158,547.0933891144232,0
1462,tanh,158,496.1512848245329,0
1463,relu,158,466.1481246624608,0
1464,selu,158,458.20662266231375,0
1465,elu,158,454.0186360283988,0
1466,gelu,158,598.1706092615495,0
1467,swish,158,630.2108091083937,0
1468,mish,158,538.237824176962,0
1469,lisht,158,522.380055855203,0
1470,lineal,159,442.0175829329528,0
1471,sigmoid,159,451.7572729615495,0
1472,tanh,159,544.4103445514338,0
1473,relu,159,501.9123327126727,0
1474,selu,159,468.6251513402676,0
1475,elu,159,461.1005096878507,0
1476,gelu,159,608.331996822264,0
1477,swish,159,500.5889882699121,0
1478,mish,159,652.4046120941639,0
1479,lisht,159,537.1745590348728,0
1480,lineal,160,448.24168663617456,0
1481,sigmoid,160,459.52462799224304,0
1482,tanh,160,455.8816538371029,0
1483,relu,160,451.8012536664028,0
1484,selu,160,590.5389363941504,0
1485,elu,160,477.04511782777263,0
1486,gelu,160,619.7777904467075,0
1487,swish,160,511.4682450399269,0
1488,mish,160,515.2236437844113,0
1489,lisht,160,655.035903845448,0
1490,lineal,161,463.4771610940807,0
1491,sigmoid,161,467.1882284976309,0
1492,tanh,161,462.351004060125,0
1493,relu,161,458.2193607962108,0
1494,selu,161,453.3624851726345,0
1495,elu,161,585.3551794464584,0
1496,gelu,161,646.4553989995038,0
1497,swish,161,519.972112910531,0
1498,mish,161,523.936596280837,0
1499,lisht,161,517.3900033851387,0
1500,lineal,162,566.2340944816242,0
1501,sigmoid,162,489.6999361562776,0
1502,tanh,162,471.6740213891608,0
1503,relu,162,465.6948526753695,0
1504,selu,162,461.0937018595869,0
1505,elu,162,456.8535987124778,0
1506,gelu,162,756.6007231879048,0
1507,swish,162,536.5905320161837,0
1508,mish,162,533.0526671876432,0
1509,lisht,162,527.58980592445,0
1510,lineal,163,444.5460168316495,0
1511,sigmoid,163,561.8161538738059,0
1512,tanh,163,507.0996722122072,0
1513,relu,163,478.2105296276277,0
1514,selu,163,469.2380557754659,0
1515,elu,163,464.8880290404195,0
1516,gelu,163,612.7678650885355,0
1517,swish,163,637.0014140637359,0
1518,mish,163,557.8129265819443,0
1519,lisht,163,537.0662139173946,0
1520,lineal,164,453.3178817598964,0
1521,sigmoid,164,464.17928951233625,0
1522,tanh,164,460.7370890266611,0
1523,relu,164,596.9710508284043,0
1524,selu,164,490.0761253487435,0
1525,elu,164,474.2939431327977,0
1526,gelu,164,625.538622086402,0
1527,swish,164,515.5439811272081,0
1528,mish,164,633.9177259221906,0
1529,lisht,164,571.7544378881576,0
1530,lineal,165,463.4469846768188,0
1531,sigmoid,165,472.5850126944133,0
1532,tanh,165,469.2357898517512,0
1533,relu,165,464.54973737103865,0
1534,selu,165,555.2754073087126,0
1535,elu,165,520.6867172435741,0
1536,gelu,165,647.3592735271086,0
1537,swish,165,527.1852072546026,0
1538,mish,165,532.2805765573867,0
1539,lisht,165,604.6176236747415,0
1540,lineal,166,510.3996903524967,0
1541,sigmoid,166,492.0941029721871,0
1542,tanh,166,478.2122536759125,0
1543,relu,166,473.35164732992416,0
1544,selu,166,469.00409163936274,0
1545,elu,166,463.9875586375711,0
1546,gelu,166,772.9707561144605,0
1547,swish,166,544.2698603866156,0
1548,mish,166,542.5463445765199,0
1549,lisht,166,536.7554214994889,0
1550,lineal,167,453.49922867893474,0
1551,sigmoid,167,569.5473134720814,0
1552,tanh,167,519.3884752735612,0
1553,relu,167,487.89797582128085,0
1554,selu,167,478.2789305605693,0
1555,elu,167,474.78001471376047,0
1556,gelu,167,624.7154791110079,0
1557,swish,167,637.4939562911168,0
1558,mish,167,577.3358485651552,0
1559,lisht,167,549.761089127569,0
1560,lineal,168,463.0093819380854,0
1561,sigmoid,168,474.4746852432145,0
1562,tanh,168,470.0634741512477,0
1563,relu,168,584.3795401816606,0
1564,selu,168,514.0929857306764,0
1565,elu,168,488.2493431592011,0
1566,gelu,168,639.5470602472778,0
1567,swish,168,528.6798882520525,0
1568,mish,168,532.5228091338067,0
1569,lisht,168,682.5307086303364,0
1570,lineal,169,481.3036392186768,0
1571,sigmoid,169,484.4682068005786,0
1572,tanh,169,480.0576334806392,0
1573,relu,169,476.46472398896,0
1574,selu,169,471.06232781277504,0
1575,elu,169,591.4424510713434,0
1576,gelu,169,683.0139293332468,0
1577,swish,169,541.4590439512976,0
1578,mish,169,545.5908727506758,0
1579,lisht,169,540.2112718190183,0
1580,lineal,170,548.4244726164616,0
1581,sigmoid,170,533.9086648931261,0
1582,tanh,170,499.06204130261904,0
1583,relu,170,487.1844485627953,0
1584,selu,170,481.9017767313635,0
1585,elu,170,477.12569603399606,0
1586,gelu,170,716.315433381591,0
1587,swish,170,593.485153675254,0
1588,mish,170,564.3563644948299,0
1589,lisht,170,552.2231132214074,0
1590,lineal,171,467.2161314837285,0
1591,sigmoid,171,478.038032551005,0
1592,tanh,171,569.0974291712628,0
1593,relu,171,535.6099048550241,0
1594,selu,171,500.0935917266761,0
1595,elu,171,488.669772322115,0
1596,gelu,171,643.7643666290678,0
1597,swish,171,530.5573833156959,0
1598,mish,171,652.8687447446864,0
1599,lisht,171,592.7264408155461,0
1600,lineal,172,480.53349896823056,0
1601,sigmoid,172,488.4736006543972,0
1602,tanh,172,484.4971388624981,0
1603,relu,172,480.8363620549208,0
1604,selu,172,475.4413880152279,0
1605,elu,172,621.9964365515625,0
1606,gelu,172,676.8686656632926,0
1607,swish,172,546.5267538671615,0
1608,mish,172,551.2883213071036,0
1609,lisht,172,545.107054564287,0
1610,lineal,173,575.690012780542,0
1611,sigmoid,173,529.339800777554,0
1612,tanh,173,501.04715328855673,0
1613,relu,173,491.95043258200167,0
1614,selu,173,487.0305841400405,0
1615,elu,173,482.9030329885427,0
1616,gelu,173,735.370552798966,0
1617,swish,173,596.2015734348679,0
1618,mish,173,569.9658884985256,0
1619,lisht,173,557.8592704392504,0
1620,lineal,174,472.7557748881518,0
1621,sigmoid,174,484.3225586702465,0
1622,tanh,174,578.0723456517444,0
1623,relu,174,542.5515267097508,0
1624,selu,174,506.3923592835781,0
1625,elu,174,495.1701499200426,0
1626,gelu,174,652.2316086778301,0
1627,swish,174,538.4307826523436,0
1628,mish,174,652.4976929855766,0
1629,lisht,174,606.3471202596556,0
1630,lineal,175,488.1393847676227,0
1631,sigmoid,175,495.76458296802593,0
1632,tanh,175,491.3806636345689,0
1633,relu,175,488.0438041199232,0
1634,selu,175,482.107627949561,0
1635,elu,175,616.7337889322662,0
1636,gelu,175,693.3975772834383,0
1637,swish,175,555.0124476826168,0
1638,mish,175,559.1512060235254,0
1639,lisht,175,554.5175560087082,0
1640,lineal,176,558.4709870028892,0
1641,sigmoid,176,548.9216349926428,0
1642,tanh,176,515.3589368010289,0
1643,relu,176,501.2713416427723,0
1644,selu,176,494.7391637981637,0
1645,elu,176,491.83385193371214,0
1646,gelu,176,645.3718799335766,0
1647,swish,176,685.0998255621525,0
1648,mish,176,587.6354033950483,0
1649,lisht,176,569.3576001989422,0
1650,lineal,177,479.9333929556888,0
1651,sigmoid,177,492.8557041423628,0
1652,tanh,177,487.90012970607495,0
1653,relu,177,615.8860695877811,0
1654,selu,177,530.1788869442535,0
1655,elu,177,508.81164554611314,0
1656,gelu,177,664.5334280994721,0
1657,swish,177,550.9219765534508,0
1658,mish,177,553.60480703949,0
1659,lisht,177,695.0008214604459,0
1660,lineal,178,509.3658633023151,0
1661,sigmoid,178,508.5546563770622,0
1662,tanh,178,501.2336271704408,0
1663,relu,178,497.6315361611196,0
1664,selu,178,492.3921849670005,0
1665,elu,178,487.997466401197,0
1666,gelu,178,821.3441026896471,0
1667,swish,178,571.1514098130283,0
1668,mish,178,571.5039109611535,0
1669,lisht,178,565.5352255341713,0
1670,lineal,181,492.87442782195285,0
1671,sigmoid,181,511.2145203995751,0
1672,tanh,181,510.95247290912084,0
1673,relu,181,511.073884808342,0
1674,selu,181,509.8016419564374,0
1675,elu,181,512.6753558398923,0
1676,gelu,181,679.8592717607971,0
1677,swish,181,567.4493130175397,0
1678,mish,181,582.0653727760073,0
1679,lisht,181,582.2175500018056,0
1680,lineal,182,497.60934761795215,0
1681,sigmoid,182,514.3212460099021,0
1682,tanh,182,514.509344362421,0
1683,relu,182,514.8645159412408,0
1684,selu,182,514.1902390447212,0
1685,elu,182,513.9061003221432,0
1686,gelu,182,684.9815118233673,0
1687,swish,182,572.2981095869327,0
1688,mish,182,583.8970813431079,0
1689,lisht,182,587.4092956876848,0
1690,lineal,183,499.8383156826021,0
1691,sigmoid,183,516.2606246062787,0
1692,tanh,183,518.871155105764,0
1693,relu,183,,0
1694,selu,183,519.0486823042156,0
1695,elu,183,517.9478112275247,0
1696,gelu,183,686.4162959295791,0
1697,,183,575.319294449524,0
1698,mish,183,590.6791913586203,0
1699,lisht,183,585.7933461556677,0
1700,lineal,184,502.5220489517087,0
1701,sigmoid,184,522.3296458602417,0
1702,tanh,184,520.007417777204,0
1703,relu,184,520.4229950486915,0
1704,selu,184,520.4548971252516,0
1705,elu,184,520.5324577183928,0
1706,gelu,184,693.1227438831702,0
1707,swish,184,576.8041600943543,0
1708,mish,184,587.5657024994725,0
1709,lisht,184,593.4100194628118,0
1710,lineal,185,508.2981111354893,0
1711,sigmoid,185,521.1458866072353,0
1712,tanh,185,527.5601413898403,0
1713,relu,185,521.9078178382479,0
1714,selu,185,527.4123595919227,0
1715,elu,185,522.024248029571,0
1716,gelu,185,699.1716504263459,0
1717,swish,185,584.9492278273683,0
1718,mish,185,592.1581656996859,0
1719,lisht,185,598.0853639449924,0
1720,lineal,186,508.7088299476309,0
1721,sigmoid,186,525.666635943111,0
1722,tanh,186,526.2522303877631,0
1723,relu,186,526.5872201393358,0
1724,selu,186,526.3206740232417,0
1725,elu,186,526.4751562133897,0
1726,gelu,186,704.1929375802865,0
1727,swish,186,584.2172007991467,0
1728,mish,186,597.0925570225809,0
1729,lisht,186,598.1052614246728,0
1730,lineal,187,511.9966335585341,0
1731,sigmoid,187,523.7681134918239,0
1732,tanh,187,531.269564772374,0
1733,relu,187,531.0560025388841,0
1734,selu,187,529.592788698501,0
1735,elu,187,524.9408626755467,0
1736,gelu,187,705.4836133319186,0
1737,swish,187,588.8392563215457,0
1738,mish,187,601.7079701594776,0
1739,lisht,187,601.7522725235904,0
1740,lineal,188,510.4616474037757,0
1741,sigmoid,188,533.1673640375957,0
1742,tanh,188,528.8018255789066,0
1743,relu,188,533.3950355568668,0
1744,selu,188,530.0305038051447,0
1745,elu,188,532.4401944745332,0
1746,gelu,188,706.3382717017084,0
1747,swish,188,593.3453964386135,0
1748,mish,188,599.9356654970907,0
1749,lisht,188,607.106762384763,0
1750,lineal,189,514.7861905383179,0
1751,sigmoid,189,531.1354205091484,0
1752,tanh,189,536.3888965012738,0
1753,relu,189,535.1659233846003,0
1754,selu,189,532.5031176146585,0
1755,elu,189,532.2992156223627,0
1756,gelu,189,709.0960708201164,0
1757,swish,189,597.0775840273127,0
1758,mish,189,602.7404405907728,0
1759,lisht,189,602.2947486949852,0
1760,lineal,190,521.2552669306751,0
1761,sigmoid,190,536.7128775065066,0
1762,tanh,190,535.842503474094,0
1763,relu,190,536.0715348811354,0
1764,selu,190,536.3022041904042,0
1765,elu,190,535.845133044757,0
1766,gelu,190,714.2759829882998,0
1767,swish,190,594.6365316569572,0
1768,mish,190,607.275356961647,0
1769,lisht,190,607.4164303884609,0
1770,lineal,191,522.4438738304889,0
1771,sigmoid,191,538.9295938587748,0
1772,tanh,191,539.7569462457905,0
1773,relu,191,540.0418668696657,0
1774,selu,191,539.8654009778984,0
1775,elu,191,539.1171289819758,0
1776,gelu,191,716.4499245878542,0
1777,swish,191,600.3284378602402,0
1778,mish,191,602.067922301474,0
1779,lisht,191,615.9482183898799,0
1780,lineal,192,519.6351640459616,0
1781,sigmoid,192,543.0791640401585,0
1782,tanh,192,543.3095112312585,0
1783,relu,192,541.7267056914279,0
1784,selu,192,535.3647521091625,0
1785,elu,192,544.7825184246758,0
1786,gelu,192,724.5499799624085,0
1787,swish,192,603.0314182019792,0
1788,mish,192,604.6050711658318,0
1789,lisht,192,617.6290249227313,0
1790,lineal,193,530.2256292577367,0
1791,sigmoid,193,544.9995577265508,0
1792,tanh,193,537.431826015003,0
1793,relu,193,548.374074132531,0
1794,selu,193,546.0669637589017,0
1795,elu,193,537.7997145506088,0
1796,gelu,193,731.2151205347618,0
1797,swish,193,604.3408770366805,0
1798,mish,193,611.7397104786942,0
1799,lisht,193,621.0188108837465,0
1800,lineal,194,520.558375436347,0
1801,sigmoid,194,549.6432811657432,0
1802,tanh,194,549.2231386358617,0
1803,relu,194,542.7268442397472,0
1804,selu,194,551.2865777023835,0
1805,elu,194,540.4442201146157,0
1806,gelu,194,732.8203152834903,0
1807,swish,194,601.9875624937704,0
1808,mish,194,623.9024631200591,0
1809,lisht,194,618.0299909424502,0
1810,lineal,195,531.0102185296128,0
1811,sigmoid,195,541.2103209972847,0
1812,tanh,195,555.8266343008727,0
1813,relu,195,541.8187591813039,0
1814,selu,,555.6871566497721,0
1815,elu,195,541.9362384759588,0
1816,gelu,195,727.0403703458142,0
1817,swish,195,616.5446994701633,0
1818,mish,195,620.598301300779,0
1819,lisht,195,621.17053237441,0
1820,lineal,196,525.5400871422607,0
1821,sigmoid,196,560.2412801443134,0
1822,tanh,196,544.4251805588137,0
1823,relu,196,557.7232360963244,0
1824,selu,196,548.0460651314352,0
1825,elu,196,544.1126783634536,0
1826,gelu,,732.8427768029505,0
1827,swish,196,620.3212028596317,0
1828,mish,196,615.6422869325615,0
1829,lisht,196,632.722773692105,0
1830,lineal,197,529.7752239010297,0
1831,sigmoid,197,546.1489739331882,0
1832,tanh,197,559.6212837236235,0
1833,relu,197,548.8165429788642,0
1834,selu,197,546.8365998197114,0
1835,elu,197,563.2951464691432,0
1836,gelu,197,735.3835905793821,0
1837,swish,197,610.4314395942492,0
1838,mish,197,618.9197154944995,0
1839,lisht,197,638.348160224501,0
1840,lineal,198,532.8698775996454,0
1841,sigmoid,198,549.9079560447717,0
1842,tanh,198,563.0426307814196,0
1843,relu,198,555.4363408134086,0
1844,selu,198,551.4557221293217,0
1845,elu,198,550.4547169627622,0
1846,gelu,198,741.9925854767207,0
1847,swish,198,623.1813777808566,0
1848,mish,198,627.8503065984696,0
1849,lisht,198,625.2316772612976,0
1850,lineal,199,535.5898803268792,0
1851,sigmoid,199,563.4777024185751,0
1852,tanh,199,559.7131380850915,0
1853,relu,199,556.4437953078886,0
1854,selu,199,554.4646627577022,0
1855,elu,199,554.4996659045573,0
1856,gelu,199,747.6562548693037,0
1857,swish,199,613.9672925261548,0
1858,mish,199,639.0955165529158,0
1859,lisht,199,634.8437079039868,0
1860,lineal,200,539.5091063247528,0
1861,sigmoid,200,557.294979705126,0
1862,tanh,200,557.4195963171078,0
1863,relu,200,557.1741155328928,0
1864,selu,200,569.2131536568049,0
1865,elu,200,562.6880912531633,0
1866,gelu,200,735.6916650355561,0
1867,swish,200,634.5994312049588,0
1868,mish,200,633.200182621018,0
1869,lisht,200,632.7805969921174,0
1870,lineal,201,542.6817844302859,0
1871,sigmoid,201,560.8557289025048,0
1872,tanh,201,560.7413692250848,0
1873,relu,201,561.0968530757818,0
1874,selu,201,561.2561905246694,0
1875,elu,201,571.5384979149094,0
1876,gelu,201,746.9960067684297,0
1877,swish,201,621.7954699525144,0
1878,mish,201,634.1664800811559,0
1879,lisht,201,651.4519204229582,0
1880,lineal,202,546.4682148717111,0
1881,sigmoid,202,564.469015416922,0
1882,tanh,202,564.9594343845965,0
1883,relu,202,564.5271096960641,0
1884,selu,202,564.5480208665831,0
1885,elu,202,564.8969050144078,0
1886,gelu,202,741.2439985004021,0
1887,swish,202,641.7432332151802,0
1888,mish,202,637.8775208825245,0
1889,lisht,202,641.4776167087257,0
1890,lineal,203,547.6347219287418,0
1891,sigmoid,203,567.0692555771675,0
1892,tanh,203,567.2189240219304,0
1893,relu,203,567.3788191303611,0
1894,selu,203,567.0048497326206,0
1895,elu,203,567.3226649392163,0
1896,gelu,203,747.41203580203,0
1897,swish,203,627.7141505302861,0
1898,mish,203,641.1657556956634,0
1899,lisht,203,641.7368784716818,0
1900,lineal,204,552.0292815392604,0
1901,sigmoid,204,570.3587765099946,0
1902,tanh,204,570.2377706182888,0
1903,relu,204,571.1049222431611,0
1904,selu,204,570.5843105873792,0
1905,elu,204,570.8667182050413,0
1906,gelu,204,767.132227131864,0
1907,swish,204,634.9361350969411,0
1908,mish,204,643.6406796027441,0
1909,lisht,204,644.7438174543204,0
1910,lineal,205,552.3397227067035,0
1911,sigmoid,205,570.364713946823,0
1912,tanh,205,568.8121293461882,0
1913,relu,205,559.1979432154913,0
1914,selu,205,574.2059367473703,0
1915,elu,205,573.7331037430558,0
1916,gelu,205,772.4609236520482,0
1917,swish,205,637.4360466607613,0
1918,mish,205,646.110756279435,0
1919,lisht,205,647.6508611377794,0
1920,lineal,206,552.4178274672013,0
1921,sigmoid,206,559.0029641551664,0
1922,tanh,206,577.4146804361371,0
1923,relu,206,577.7580462967744,0
1924,selu,206,575.7851617462002,0
1925,elu,206,576.7816510655684,0
1926,gelu,206,754.7249198482605,0
1927,swish,206,638.45771786361,0
1928,mish,206,652.1826861998998,0
1929,lisht,206,652.379617710365,0
1930,lineal,207,559.8873967934633,0
1931,sigmoid,207,578.941867236048,0
1932,tanh,207,578.9644356920617,0
1933,relu,207,577.4259079999756,0
1934,selu,207,574.2507671604399,0
1935,elu,207,562.3765694862232,0
1936,gelu,207,783.4098655262496,0
1937,swish,207,642.6399668956874,0
1938,mish,207,649.8448014591122,0
1939,lisht,207,649.0926392696565,0
1940,lineal,208,550.264213577495,0
1941,sigmoid,208,582.8857953086263,0
1942,tanh,208,582.9783482782077,0
1943,relu,208,582.3099288993981,0
1944,selu,208,579.884184823255,0
1945,elu,208,574.3365681098076,0
1946,gelu,208,772.6843262976035,0
1947,swish,208,645.3070861778688,0
1948,mish,208,650.9507783418521,0
1949,lisht,208,638.9581199472304,0
1950,lineal,209,569.0116584318457,0
1951,sigmoid,209,585.7282562055625,0
1952,tanh,209,585.4796342896298,0
1953,relu,209,583.3661805184092,0
1954,selu,209,576.0258818200091,0
1955,elu,209,572.3950539702782,0
1956,gelu,209,780.8386116647162,0
1957,swish,209,634.0934545010095,0
1958,mish,209,663.481709554675,0
1959,lisht,209,663.2641377699329,0
1960,,210,569.3578191802371,0
1961,sigmoid,210,584.5503881381592,0
1962,tanh,210,563.3366349925054,0
1963,relu,210,591.5099582651164,0
1964,selu,210,589.81355080707,0
1965,elu,210,588.3128125108778,0
1966,gelu,210,772.6945529056247,0
1967,,210,651.9251155110542,0
1968,mish,210,662.2277136554476,0
1969,lisht,210,654.695504041505,0
1970,lineal,211,558.2760405761655,0
1971,sigmoid,211,592.3925752354553,0
1972,tanh,211,591.2894631549716,0
1973,relu,211,583.8442454074975,0
1974,selu,211,573.618166882894,0
1975,elu,211,593.304358290974,0
1976,gelu,211,774.8767817207845,0
1977,swish,211,655.5855610418366,0
1978,mish,211,669.3546655537793,0
1979,lisht,211,664.0566155718407,0
1980,lineal,212,549.8994102687575,0
1981,sigmoid,212,596.553296623053,0
1982,tanh,212,594.4082619346445,0
1983,relu,212,588.333786534844,0
1984,selu,212,572.3250815892825,0
1985,elu,212,596.8436439596117,0
1986,gelu,212,778.1444938316708,0
1987,swish,212,658.5124063265976,0
1988,mish,212,671.1820941688493,0
1989,lisht,212,662.6843146246392,0
1990,lineal,213,557.5387648820179,0
1991,sigmoid,213,598.266655026935,0
1992,tanh,213,594.9544648645679,0
1993,relu,213,568.9837374979397,0
1994,selu,213,600.6718134764815,0
1995,elu,213,597.5107706912095,0
1996,gelu,213,782.4715608936967,0
1997,swish,213,660.408658345812,0
1998,mish,213,661.8205143981613,0
1999,lisht,213,658.1754577568499,0
2000,lineal,214,582.1836954680039,0
2001,sigmoid,214,595.1293227324495,0
2002,tanh,214,574.4743377100676,0
2003,relu,214,602.7644267494325,0
2004,selu,214,598.5980012319051,0
2005,elu,214,571.020851221052,0
2006,gelu,214,785.8208581028739,0
2007,swish,214,666.2446630728664,0
2008,mish,214,679.5473971104948,0
2009,lisht,214,674.5203132278984,0
2010,lineal,215,553.5140186800854,0
2011,sigmoid,215,606.0355278783245,0
2012,tanh,215,601.289319714997,0
2013,relu,215,571.9956358012278,0
2014,selu,215,607.4989512170432,0
2015,elu,215,602.9417515513487,0
2016,gelu,215,789.0202667992562,0
2017,swish,215,662.3249489925802,0
2018,mish,215,655.1837582085282,0
2019,lisht,215,683.4104078295641,0
2020,lineal,216,582.3172484922688,0
2021,sigmoid,216,578.30706023518,0
2022,tanh,216,609.0393513202434,0
2023,relu,216,601.1754493480548,0
2024,selu,216,579.2338636876084,0
2025,elu,216,609.067286273581,0
2026,gelu,216,792.7594395159977,0
2027,swish,216,668.5703573399223,0
2028,mish,216,651.6021671952913,0
2029,lisht,216,687.8389210876776,0
2030,lineal,217,587.0050892011495,0
2031,sigmoid,217,577.344340330339,0
2032,tanh,217,613.3521976750344,0
2033,relu,217,605.9928695338313,0
2034,selu,217,580.8169148971792,0
2035,elu,217,611.777065930306,0
2036,gelu,217,796.6294536141213,0
2037,swish,217,671.2607567681698,0
2038,mish,217,657.2556826663204,0
2039,lisht,217,690.9066875970457,0
2040,lineal,218,586.4839520758251,0
2041,sigmoid,218,585.340770860319,0
2042,tanh,218,614.0810453636805,0
2043,relu,218,600.1467177774757,0
2044,selu,218,593.9304244022351,0
2045,elu,218,612.090847128653,0
2046,gelu,218,799.1991532333195,0
2047,swish,218,644.2461638575187,0
2048,mish,218,697.0093840918271,0
2049,lisht,218,689.1728155571036,0
2050,lineal,219,563.244346456835,0
2051,sigmoid,219,619.559895475395,0
2052,tanh,219,608.222393004573,0
2053,relu,219,591.5248611454153,0
2054,selu,219,616.5955433987547,0
2055,elu,219,580.590562318801,0
2056,gelu,219,807.5286434129812,0
2057,swish,219,683.7320945686661,0
2058,mish,219,693.5324001259869,0
2059,lisht,219,659.5082438733662,0
2060,lineal,220,601.5077851596288,0
2061,sigmoid,220,605.0515912871342,0
2062,tanh,220,598.8945296644233,0
2063,relu,220,617.4189405902289,0
2064,selu,220,586.0945113237249,0
2065,elu,220,621.811341883149,0
2066,gelu,220,807.0845145771746,0
2067,swish,220,672.4882203484885,0
2068,mish,220,677.4343596549006,0
2069,lisht,220,696.2160756302765,0
2070,lineal,221,567.5076472746441,0
2071,sigmoid,221,625.1294683488086,0
2072,tanh,221,605.9771059859777,0
2073,relu,221,604.4968749823747,0
2074,selu,221,618.7900273042032,0
2075,elu,221,591.7340711449506,0
2076,gelu,221,813.6007975878892,0
2077,swish,221,687.7303763802629,0
2078,mish,221,663.0947400262812,0
2079,lisht,221,707.2320024929941,0
2080,lineal,222,595.78689653927,0
2081,sigmoid,222,598.0881221899763,0
2082,tanh,222,623.8811623794027,0
2083,relu,222,590.6035986103816,0
2084,selu,222,628.3730803389335,0
2085,elu,222,585.7352220818866,0
2086,gelu,222,819.6223282157443,0
2087,swish,222,694.145869712811,0
2088,mish,222,698.3874282020843,0
2089,lisht,222,675.303773283842,0
2090,lineal,223,605.0115489878226,0
2091,sigmoid,223,593.482797233155,0
2092,tanh,223,629.8260313516948,0
2093,relu,223,588.1543787864503,0
2094,selu,223,632.9873090650653,0
2095,elu,223,613.1755899687996,0
2096,gelu,223,795.2960464622593,0
2097,swish,223,697.2471919138916,0
2098,mish,223,703.6028400890063,0
2099,lisht,223,676.3971925113583,0
2100,lineal,224,607.1346800731262,0
2101,sigmoid,224,594.8554581525968,0
2102,tanh,224,632.0175409293734,0
2103,relu,224,592.2692498198012,0
2104,selu,224,634.8180683781393,0
2105,elu,224,589.2329511399148,0
2106,gelu,224,825.9760745592648,0
2107,swish,224,698.6326753159519,0
2108,mish,224,694.4146361884195,0
2109,lisht,224,690.6281815475086,0
2110,lineal,225,602.4221082302975,0
2111,sigmoid,225,606.2979751507519,0
2112,tanh,225,628.6121636962052,0
2113,relu,225,600.9598062851001,0
2114,selu,225,632.0194760686718,0
2115,elu,225,597.5829720413312,0
2116,gelu,225,827.6430759184295,0
2117,swish,225,696.9241331419908,0
2118,mish,225,678.5083300764672,0
2119,lisht,225,714.7766364088748,0
2120,lineal,226,576.4076608491596,0
2121,sigmoid,226,637.7979648582404,0
2122,tanh,226,596.325979574467,0
2123,relu,226,640.5104078933364,0
2124,selu,226,595.0014042853145,0
2125,elu,226,641.7756608581403,0
2126,gelu,226,826.032065245905,0
2127,swish,226,665.7727340260753,0
2128,mish,226,721.3624673631275,0
2129,lisht,226,671.185951524647,0
2130,lineal,227,625.3608661080943,0
2131,sigmoid,227,595.219292739057,0
2132,tanh,227,646.1531024262076,0
2133,relu,227,618.8889696053229,0
2134,selu,227,622.7925590056693,0
2135,elu,227,622.2403119741939,0
2136,gelu,227,810.4077179224696,0
2137,swish,227,709.0064637407195,0
2138,mish,227,677.1668550657341,0
2139,lisht,227,727.3653603972634,0
2140,lineal,228,575.7560133419465,0
2141,sigmoid,228,648.7904735795455,0
2142,tanh,228,597.0226720520295,0
2143,relu,228,649.823113924358,0
2144,selu,228,597.300909658079,0
2145,elu,228,650.2337026622845,0
2146,gelu,228,832.2335198865039,0
2147,swish,228,671.8384109566687,0
2148,mish,228,727.9435587286716,0
2149,lisht,228,677.7771480062511,0
2150,lineal,229,629.3071349940728,0
2151,sigmoid,229,602.0383528678212,0
2152,tanh,229,648.9612113990588,0
2153,relu,229,603.0274009793065,0
2154,selu,229,648.5610586024122,0
2155,elu,229,603.2581908190623,0
2156,gelu,229,844.3184884811053,0
2157,swish,229,706.3063357409555,0
2158,mish,229,694.4696294704918,0
2159,lisht,229,723.9818689535605,0
2160,lineal,230,591.8010845697718,0
2161,sigmoid,230,640.2793105221353,0
2162,tanh,230,616.3936662382912,0
2163,relu,230,639.2248962019803,0
2164,selu,230,618.7707758672768,0
2165,elu,230,636.4195858261082,0
2166,gelu,230,813.2532979070675,0
2167,swish,230,718.0345678749727,0
2168,mish,230,685.7119327875553,0
2169,lisht,230,736.2356375132222,0
2170,lineal,231,584.8999597211368,0
2171,sigmoid,231,653.6589921835111,0
2172,tanh,231,608.6954628925305,0
2173,relu,231,652.6165094719036,0
2174,selu,231,610.5414143633097,0
2175,elu,231,650.1602792819031,0
2176,gelu,231,804.1522586547071,0
2177,swish,231,725.0864924874622,0
2178,mish,231,715.5138290482573,0
2179,lisht,231,710.9535499012563,0
2180,lineal,232,583.9558990398655,0
2181,sigmoid,232,660.5440063130809,0
2182,tanh,232,608.0390051259892,0
2183,relu,232,658.3681093731429,0
2184,selu,232,610.2011614888906,0
2185,elu,232,656.1774050674867,0
2186,gelu,232,803.1161386870081,0
2187,swish,232,728.8593345200643,0
2188,mish,232,723.0043010774534,0
2189,lisht,232,708.8361928396625,0
2190,lineal,233,584.977263928391,0
2191,sigmoid,233,663.7146346698282,0
2192,tanh,233,610.2660576167982,0
2193,relu,233,660.2613305780105,0
2194,selu,233,612.3005516076228,0
2195,elu,233,656.5805932444055,0
2196,gelu,233,808.0938237255905,0
2197,swish,233,730.7113424330018,0
2198,mish,233,689.5897016595118,0
2199,lisht,233,747.4065154219279,0
2200,lineal,234,588.6955361494329,0
2201,sigmoid,234,663.0913017046405,0
2202,tanh,234,614.8564104335383,0
2203,relu,234,657.7061063405126,0
2204,selu,234,619.1131321123103,0
2205,elu,234,650.028563086642,0
2206,gelu,234,820.7002227514749,0
2207,swish,234,729.4398853546008,0
2208,mish,234,697.0374691041652,0
2209,lisht,234,744.9056421627756,0
2210,lineal,235,596.5591200169874,0
2211,sigmoid,235,653.6855339740869,0
2212,tanh,235,626.5487121356418,0
2213,relu,235,640.2119988047052,0
2214,selu,235,640.6015803398332,0
2215,elu,235,612.7349392054603,0
2216,gelu,235,866.0664031056222,0
2217,swish,235,719.0955323009985,0
2218,mish,235,714.557070600451,0
2219,lisht,235,722.3175019869814,0
2220,lineal,236,622.5872181343148,0
2221,sigmoid,236,,0
2222,tanh,236,667.9411559017608,0
2223,relu,236,620.5825385435019,0
2224,selu,236,661.022110292688,0
2225,elu,236,626.7988162537804,0
2226,gelu,236,861.9394442682387,0
2227,swish,,690.9131114713382,0
2228,mish,236,750.7517268736847,0
2229,lisht,236,704.8296218804317,0
2230,lineal,237,632.5861466204515,0
2231,sigmoid,237,636.4055489415769,0
2232,tanh,237,615.774106195895,0
2233,relu,237,675.7422788570402,0
2234,selu,237,620.2033555761445,0
2235,elu,237,667.6827500835061,0
2236,gelu,237,821.575898138457,0
2237,swish,237,741.8271090817871,0
2238,mish,237,703.2568329051137,0
2239,lisht,237,755.6547169375699,0
2240,lineal,238,602.7531120370841,0
2241,sigmoid,238,657.4261158640729,0
2242,tanh,238,638.7340262237703,0
2243,relu,238,618.6954860445112,0
2244,selu,238,678.5997996886726,0
2245,elu,238,623.3241245071404,0
2246,gelu,238,873.8853113726946,0
2247,swish,238,690.9370096724015,0
2248,mish,238,761.8547946886392,0
2249,lisht,238,705.4160130489618,0
2250,lineal,239,648.1430604228517,0
2251,sigmoid,239,634.5396993120667,0
2252,tanh,239,648.8907758606365,0
2253,relu,239,654.7348757497966,0
2254,selu,239,624.4924149070866,0
2255,elu,239,674.9944714287994,0
2256,gelu,239,828.0069617935224,0
2257,swish,239,747.8348962602904,0
2258,mish,239,710.5531627554446,0
2259,lisht,239,759.822643776075,0
2260,lineal,240,610.2489423119696,0
2261,sigmoid,240,651.7464370282833,0
2262,tanh,240,655.1381952603115,0
2263,relu,240,626.3615929546067,0
2264,selu,240,678.7253826801898,0
2265,elu,240,632.8551722918637,0
2266,gelu,240,877.7224478470162,0
2267,swish,240,702.3069835527567,0
2268,mish,240,759.9509499800624,0
2269,lisht,240,718.8045999293681,0
2270,lineal,241,600.4109099018387,0
2271,sigmoid,241,689.682507241494,0
2272,tanh,241,629.3294321409194,0
2273,relu,241,676.3497969259042,0
2274,selu,241,639.7271218531532,0
2275,elu,241,623.3243265911005,0
2276,gelu,241,892.7765863003442,0
2277,swish,241,731.3407520699548,0
2278,mish,241,739.5157604929991,0
2279,lisht,241,708.8796354138758,0
2280,lineal,242,665.8796810864005,0
2281,sigmoid,242,636.4499074777123,0
2282,tanh,242,664.2539060357958,0
2283,relu,242,656.5594335815404,0
2284,selu,242,629.9768420414766,0
2285,elu,242,684.5089863453759,0
2286,gelu,242,837.1769217276014,0
2287,swish,242,756.0830696750199,0
2288,mish,242,721.2939656408271,0
2289,lisht,242,762.8647755861748,0
2290,lineal,243,622.6873276226688,0
2291,sigmoid,243,629.8599579259753,0
2292,tanh,243,690.1561251105741,0
2293,relu,243,639.0791288093897,0
2294,selu,243,666.2462024164852,0
2295,elu,243,659.2797184803057,0
2296,gelu,243,829.1428793786326,0
2297,swish,243,751.1428716217633,0
2298,mish,243,715.8050504336134,0
2299,lisht,243,779.6276092567714,0
2300,lineal,244,615.9886484699091,0
2301,sigmoid,244,665.2183473951882,0
2302,tanh,244,662.3812702532159,0
2303,relu,244,635.9967326292535,0
2304,selu,244,686.685304452898,0
2305,elu,244,644.4449301855639,0
2306,gelu,244,883.4642960932106,0
2307,swish,244,719.9607849769527,0
2308,mish,244,751.3605023978744,0
2309,lisht,244,749.6747704292648,0
2310,lineal,245,614.3516184546752,0
2311,sigmoid,245,683.3037999959197,0
2312,tanh,245,652.7462147672195,0
2313,relu,245,634.3325625935104,0
2314,selu,245,696.5883122598752,0
2315,elu,245,642.8991587169003,0
2316,gelu,245,891.8669342276407,0
2317,swish,245,717.6665705813793,0
2318,mish,245,763.1093054900412,0
2319,lisht,245,745.4190769350389,0
2320,lineal,246,614.2780856566969,0
2321,sigmoid,246,691.5965776656521,0
2322,tanh,246,652.4614868744975,0
2323,relu,246,634.3495876366505,0
2324,selu,246,701.0359529205598,0
2325,elu,246,644.286452918197,0
2326,gelu,246,895.0282322497806,0
2327,swish,246,719.9347548430087,0
2328,mish,246,764.1873452671571,0
2329,lisht,246,749.1663399140816,0
2330,lineal,247,616.062438209774,0
2331,sigmoid,247,690.1809864960378,0
2332,tanh,247,657.0074565124232,0
2333,relu,247,637.6332844597055,0
2334,selu,247,701.5453991082031,0
2335,elu,247,649.3113891683752,0
2336,gelu,247,892.8500724558253,0
2337,swish,247,727.2807281295536,0
2338,mish,247,753.6525330416625,0
2339,lisht,247,763.1118712322786,0
2340,lineal,248,620.8529375968501,0
2341,sigmoid,248,679.903966700891,0
2342,tanh,248,669.8867016980657,0
2343,relu,248,642.4197761837859,0
2344,selu,248,693.4826691435883,0
2345,elu,248,659.4748251227429,0
2346,gelu,248,878.191632158123,0
2347,swish,248,746.3873781429138,0
2348,mish,248,724.2436588206328,0
2349,lisht,248,793.9732549239416,0
2350,lineal,249,626.9276113506639,0
2351,sigmoid,249,635.8628607883584,0
2352,tanh,249,711.9760686567752,0
2353,relu,249,649.8657849988667,0
2354,selu,249,636.6915191881126,0
2355,elu,249,699.2835497427732,0
2356,gelu,249,845.446530162124,0
2357,swish,249,780.797915726318,0
2358,mish,249,735.5879333867924,0
2359,lisht,249,775.5312897904078,0
2360,lineal,250,646.1304689706303,0
2361,sigmoid,250,644.181261693011,0
2362,tanh,250,691.0096421026392,0
2363,relu,250,670.8463072674349,0
2364,selu,250,645.1925146443537,0
2365,elu,250,699.4407676833216,0
2366,gelu,250,866.9009557151003,0
2367,swish,250,762.0711992684519,0
2368,mish,250,759.2400531077292,0
2369,lisht,250,731.2516432973789,0
2370,lineal,251,683.3142148979241,0
2371,sigmoid,251,664.1246971521759,0
2372,tanh,251,646.7269397394266,0
2373,relu,251,708.6504126203945,0
2374,selu,251,661.2644963451894,0
2375,elu,251,646.2608711072244,0
2376,gelu,251,926.5435380421113,0
2377,swish,251,721.7338438906008,0
2378,mish,251,796.8510513863293,0
2379,lisht,251,748.3494852699805,0
2380,lineal,252,624.2441974482499,0
2381,sigmoid,252,713.3982997501735,0
2382,tanh,252,663.5157130882144,0
2383,relu,252,648.0010294945678,0
2384,selu,252,716.5282337222015,0
2385,elu,252,662.2435618382879,0
2386,gelu,252,900.0246463039657,0
2387,swish,252,751.225912051159,0
2388,mish,252,736.384539103834,0
2389,lisht,252,806.4982558834599,0
2390,lineal,253,638.9091874357546,0
2391,sigmoid,253,647.8716752618784,0
2392,tanh,253,716.5628751239274,0
2393,relu,253,666.787116974243,0
2394,selu,253,649.8790775445523,0
2395,elu,253,717.2518321003299,0
2396,gelu,253,870.0835970187327,0
2397,swish,253,774.9866197145311,0
2398,mish,253,764.2765130987391,0
2399,lisht,253,738.5903944832971,0
2400,lineal,254,690.4881666989531,0
2401,sigmoid,254,672.8035343860975,0
2402,tanh,254,654.3200159715489,0
2403,relu,254,710.5505644928198,0
2404,selu,254,675.6033172128955,0
2405,elu,254,655.5094615493435,0
2406,gelu,254,931.5360909937881,0
2407,swish,254,735.3585198286455,0
2408,mish,254,787.5769854680402,0
2409,lisht,254,773.3666706095682,0
2410,lineal,255,635.9185968009988,0
2411,sigmoid,255,691.5764558131341,0
2412,tanh,255,694.0119432973443,0
2413,relu,255,661.8291761643486,0
2414,selu,255,689.6878040997544,0
2415,elu,255,697.4772925574798,0
2416,gelu,255,866.2378019650932,0
2417,swish,255,794.8948676289292,0
2418,mish,255,758.0878860655939,0
2419,lisht,255,740.4469158934662,0
2420,lineal,256,709.5100687757367,0
2421,sigmoid,256,667.7327696798602,0
2422,tanh,256,656.1575214491459,0
2423,relu,256,725.2690224982798,0
2424,selu,256,673.7686617311556,0
2425,elu,256,658.1463837333722,0
2426,gelu,256,940.844636308495,0
2427,swish,256,738.4718845885945,0
2428,mish,256,796.4947949011112,0
2429,lisht,256,776.99855930591,0
2430,lineal,257,640.735385152162,0
2431,sigmoid,257,694.6414739419706,0
2432,tanh,257,701.0849915035069,0
2433,relu,257,667.9778093612986,0
2434,selu,257,655.3479788863333,0
2435,elu,257,739.6073874444701,0
2436,gelu,257,876.4037490379997,0
2437,swish,257,792.9425440428313,0
2438,mish,257,770.7836362355156,0
2439,lisht,257,749.4442978104344,0
2440,lineal,258,701.9845936048077,0
2441,sigmoid,258,683.1874404194532,0
2442,tanh,258,663.9805707808118,0
2443,relu,258,711.9805681353901,0
2444,selu,258,693.7168928566389,0
2445,elu,258,667.2622380238026,0
2446,gelu,258,936.7105632772436,0
2447,swish,258,754.2488272414776,0
2448,mish,258,750.0281644178322,0
2449,lisht,258,828.3056951313047,0
2450,lineal,259,651.5357325940859,0
2451,sigmoid,259,662.3649226053385,0
2452,tanh,259,725.9249174533179,0
2453,relu,259,689.0336476927623,0
2454,selu,259,667.5682702874765,0
2455,elu,259,715.0872728115646,0
2456,gelu,259,906.8387617610861,0
2457,swish,259,738.835292678792,0
2458,mish,259,832.0310904770158,0
2459,lisht,259,765.0583600864047,0
2460,lineal,260,641.8400830584578,0
2461,sigmoid,260,733.6291145884898,0
2462,tanh,260,686.4876121055568,0
2463,relu,260,669.5740567735629,0
2464,selu,260,721.247880276409,0
2465,elu,260,695.888896730612,0
2466,gelu,260,878.9565295792418,0
2467,swish,260,813.1958973450819,0
2468,mish,260,771.6979387800675,0
2469,lisht,260,754.702497308841,0
2470,lineal,261,719.216195551795,0
2471,sigmoid,261,684.0955522446893,0
2472,tanh,261,669.5341345879715,0
2473,relu,261,722.2449737574207,0
2474,selu,261,699.2333476531785,0
2475,elu,261,674.2378485482186,0
2476,gelu,261,943.3404419631697,0
2477,swish,261,765.7307162921643,0
2478,mish,261,759.0693832492689,0
2479,lisht,261,831.3646329353796,0
2480,lineal,262,663.6948697443586,0
2481,sigmoid,262,672.0715861890931,0
2482,tanh,262,713.2484774122713,0
2483,relu,262,711.3046157481149,0
2484,selu,262,678.3792331343284,0
2485,elu,262,667.0916217853082,0
2486,gelu,262,971.5978577855276,0
2487,swish,262,751.2746009371476,0
2488,mish,262,816.565051809419,0
2489,lisht,262,791.5520677538589,0
2490,lineal,263,654.6916288832435,0
2491,sigmoid,263,666.0423973721918,0
2492,tanh,263,757.6588419902837,0
2493,relu,263,685.9467914804118,0
2494,selu,263,671.8516465231078,0
2495,elu,263,739.9674980685813,0
2496,gelu,263,909.5089974991279,0
2497,swish,263,745.8778352946974,0
2498,mish,263,848.4763931065099,0
2499,lisht,263,774.4088529376313,0
2500,lineal,264,650.4312604212901,0
2501,sigmoid,264,742.251052390784,0
2502,tanh,264,700.8209906349657,0
2503,relu,264,680.6943102806108,0
2504,selu,264,717.3218874330632,0
2505,elu,264,718.3972653992241,0
2506,gelu,264,896.5980644645169,0
2507,swish,264,810.5913037382998,0
2508,mish,264,795.6425107002724,0
2509,lisht,264,770.1037988991011,0
2510,lineal,265,695.6360276861815,0
2511,sigmoid,265,720.4320792416111,0
2512,tanh,265,687.0196336460067,0
2513,relu,265,676.9746723315911,0
2514,selu,265,749.3104528754484,0
2515,elu,265,700.441999160219,0
2516,gelu,265,892.3560077762231,0
2517,swish,265,831.1331842709333,0
2518,mish,265,784.4155654878123,0
2519,lisht,265,768.6524001609068,0
2520,lineal,266,728.2673661020817,0
2521,sigmoid,266,701.524463049951,0
2522,tanh,266,683.5397413420724,0
2523,relu,266,673.8251479873434,0
2524,selu,266,768.2101442664862,0
2525,elu,266,692.1591655528173,0
2526,gelu,266,890.1432610237971,0
2527,swish,266,843.9098028227454,0
2528,mish,266,779.9830375909805,0
2529,lisht,266,767.960902314051,0
2530,lineal,267,745.5745962172514,0
2531,sigmoid,267,693.4615799582098,0
2532,tanh,267,682.4721595059382,0
2533,relu,267,733.214342443971,0
2534,selu,267,717.5313159074867,0
2535,elu,267,690.3952738218941,0
2536,gelu,267,946.1150085973786,0
2537,swish,267,796.9985488796374,0
2538,mish,267,779.239474545233,0
2539,lisht,267,821.2704692577245,0
2540,lineal,268,698.7895280288067,0
2541,sigmoid,268,692.0519437175244,0
2542,tanh,268,682.9178759448696,0
2543,relu,268,746.0468002185225,0
2544,selu,268,713.0184140831698,0
2545,elu,268,689.9971857791534,0
2546,gelu,268,955.9962370111607,0
2547,swish,268,792.357302198885,0
2548,mish,268,779.6528794858605,0
2549,lisht,268,827.8238005575258,0
2550,lineal,269,696.6554150843294,0
2551,sigmoid,269,692.044369813404,0
2552,tanh,269,682.8625438869931,0
2553,relu,269,750.7249998978805,0
2554,selu,269,714.0646037476836,0
2555,elu,269,691.2568993869936,0
2556,gelu,269,957.9797091840301,0
2557,swish,269,795.1947817938635,0
2558,mish,269,781.4163636353333,0
2559,lisht,269,827.6273801765637,0
2560,lineal,270,702.651394378976,0
2561,sigmoid,270,695.2835983170662,0
2562,tanh,270,685.4560028050328,0
2563,relu,270,747.7994697513059,0
2564,selu,270,720.8416737696389,0
2565,elu,270,694.469607907231,0
2566,gelu,270,950.3662432295969,0
2567,swish,270,806.1525432813214,0
2568,mish,270,784.6527482122183,0
2569,lisht,270,773.4867240349995,0
2570,lineal,271,734.6530381678604,0
2571,sigmoid,271,699.5697607491165,0
2572,tanh,271,689.1552127728937,0
2573,relu,271,734.2203852472594,0
2574,selu,271,734.5417704937281,0
2575,elu,271,698.3827085037483,0
2576,gelu,271,899.7863874461036,0
2577,swish,271,857.0613692660118,0
2578,mish,271,790.519875722588,0
2579,lisht,271,778.3688520545838,0
2580,lineal,272,749.8112012109486,0
2581,sigmoid,272,706.9319641493494,0
2582,tanh,272,694.4112142497906,0
2583,relu,272,685.0783679368906,0
2584,selu,272,778.4911411260255,0
2585,elu,272,706.3371073795715,0
2586,gelu,272,907.1613306401996,0
2587,swish,272,849.6040724851191,0
2588,mish,272,800.5368834432447,0
2589,lisht,272,785.4980964375427,0
2590,lineal,273,722.7631572511746,0
2591,sigmoid,273,731.7080201624194,0
2592,tanh,273,700.7753498053644,0
2593,relu,273,692.2237701481208,0
2594,selu,273,755.7238367716782,0
2595,elu,273,725.4939695069334,0
2596,gelu,273,915.9809388890862,0
2597,swish,273,826.3377947992412,0
2598,mish,273,823.6173904282041,0
2599,lisht,273,792.6458640320925,0
2600,lineal,274,669.8429572880268,0
2601,sigmoid,274,774.126956988126,0
2602,tanh,274,715.9050374210346,0
2603,relu,274,700.4675488107605,0
2604,selu,274,692.9873076637741,0
2605,elu,274,782.0620024498785,0
2606,gelu,274,930.2847492800793,0
2607,swish,274,775.0632356277201,0
2608,mish,274,875.1226866652723,0
2609,lisht,274,805.0983102759346,0
2610,lineal,275,677.8190688512987,0
2611,sigmoid,275,691.7524653960718,0
2612,tanh,275,790.4505816122983,0
2613,relu,275,712.0918288999237,0
2614,selu,275,701.6980201929109,0
2615,elu,275,741.058466019691,0
2616,gelu,275,971.2408835374517,0
2617,swish,275,784.0038953549229,0
2618,mish,275,833.9264061523136,0
2619,lisht,275,843.1083730785176,0
2620,lineal,276,686.5332201340934,0
2621,sigmoid,276,702.943847610848,0
2622,tanh,276,744.5563574628904,0
2623,relu,276,748.4613753758604,0
2624,selu,276,712.3747934550047,0
2625,elu,276,703.1823180028005,0
2626,gelu,276,1001.6251434611622,0
2627,swish,276,797.4203558097361,0
2628,mish,276,797.0428408957087,0
2629,lisht,276,855.0311777332099,0
2630,lineal,277,713.5608919461956,0
2631,sigmoid,277,709.8042883409653,0
2632,tanh,277,701.6180513104191,0
2633,relu,277,752.4979687107261,0
2634,selu,277,746.8886999385431,0
2635,elu,277,712.4821405691328,0
2636,gelu,277,918.3101007867372,0
2637,swish,277,871.1453413731651,0
2638,mish,277,812.0559811377898,0
2639,lisht,277,798.7831410298822,0
2640,lineal,278,737.2199493510416,0
2641,sigmoid,278,744.2747068979079,0
2642,tanh,278,713.0022957749898,0
2643,relu,278,705.2398717757314,0
2644,selu,278,752.0336227662629,0
2645,elu,278,751.4707199007971,0
2646,gelu,278,935.390794273233,0
2647,swish,278,778.727467972436,0
2648,mish,278,895.7317236842355,0
2649,lisht,278,811.6955468677916,0
2650,lineal,279,685.9645915121073,0
2651,sigmoid,279,699.4833523917478,0
2652,tanh,279,804.8472766557243,0
2653,relu,279,721.6292847441509,0
2654,selu,279,710.263403907069,0
2655,elu,279,701.0746517548105,0
2656,gelu,279,1033.275520191528,0
2657,swish,279,795.0072545402218,0
2658,mish,279,798.6003919332288,0
2659,lisht,279,896.4693729418796,0
2660,lineal,280,699.3881977023557,0
2661,sigmoid,280,711.94859714841,0
2662,tanh,280,702.9530504748691,0
2663,relu,280,795.6250455988338,0
2664,selu,280,731.7503099697642,0
2665,elu,280,714.8628117194166,0
2666,gelu,280,977.1568460786948,0
2667,swish,280,836.9394760219147,0
2668,mish,280,813.7622844761936,0
2669,lisht,280,802.4955119665246,0
2670,lineal,281,765.8427821705118,0
2671,sigmoid,281,737.2999436497921,0
2672,tanh,281,716.8464665717911,0
2673,relu,281,708.9574339450337,0
2674,selu,281,771.247453555814,0
2675,elu,281,751.455059271073,0
2676,gelu,281,941.6987340780906,0
2677,swish,281,785.3912480595754,0
2678,mish,281,906.0453320955858,0
2679,lisht,281,820.2262434069999,0
2680,lineal,282,692.1937259343686,0
2681,sigmoid,282,705.4478495772928,0
2682,tanh,282,810.446294526686,0
2683,relu,282,731.3980390381766,0
2684,selu,282,718.2862006328069,0
2685,elu,282,709.4846955997637,0
2686,gelu,282,1039.3151493783807,0
2687,swish,282,804.4822933387477,0
2688,mish,282,808.8287781648105,0
2689,lisht,282,889.8166506995913,0
2690,lineal,283,716.8110451194225,0
2691,sigmoid,283,721.4352019781945,0
2692,tanh,283,713.8739466380794,0
2693,relu,283,772.2891647997312,0
2694,selu,283,759.8783768913709,0
2695,elu,283,727.7631519658025,0
2696,gelu,283,936.8241234216839,0
2697,swish,283,881.4850395517424,0
2698,mish,283,833.8602155244444,0
2699,lisht,283,816.5620546208229,0
2700,lineal,284,689.6623589171795,0
2701,sigmoid,284,811.1288739538286,0
2702,tanh,284,738.1601514386712,0
2703,relu,284,723.0247732604621,0
2704,selu,284,715.319928114186,0
2705,elu,284,793.4132206386421,0
2706,gelu,284,975.8249862660887,0
2707,swish,284,804.0469084279612,0
2708,mish,284,864.7071798421675,0
2709,lisht,284,866.2389290040592,0
2710,lineal,285,707.2153067206964,0
2711,sigmoid,285,722.2111901298631,0
2712,tanh,285,711.7776589136338,0
2713,relu,285,817.3282404373167,0
2714,selu,285,741.1818173761712,0
2715,elu,285,726.1736244993517,0
2716,gelu,285,935.996867934824,0
2717,swish,285,879.4648042698391,0
2718,mish,285,829.3822461997624,0
2719,lisht,285,817.3488713327097,0
2720,lineal,286,761.3990238017868,0
2721,sigmoid,286,762.7158335621934,0
2722,tanh,286,733.3263389942003,0
2723,relu,286,724.3163069261936,0
2724,selu,286,713.0430928068236,0
2725,elu,286,819.6729648001492,0
2726,gelu,286,968.823164204834,0
2727,swish,286,805.2948125649709,0
2728,mish,286,888.796219464275,0
2729,lisht,286,855.9413632012438,0
2730,lineal,287,708.5574711032677,0
2731,sigmoid,287,724.2813166629057,0
2732,tanh,287,714.9747050778242,0
2733,relu,287,831.1796035186853,0
2734,selu,287,741.2249417296844,0
2735,elu,287,729.4490175766405,0
2736,gelu,287,1001.5154142240062,0
2737,swish,287,853.479498323868,0
2738,mish,287,832.6679895439884,0
2739,lisht,287,821.0028147642734,0
2740,lineal,288,769.7791629012208,0
2741,sigmoid,288,765.3450284797,0
2742,tanh,288,736.4799760763999,0
2743,relu,288,727.7029683428118,0
2744,selu,288,717.3063246110687,0
2745,elu,288,824.6203848365694,0
2746,gelu,288,976.9740144351963,0
2747,swish,288,810.015189049649,0
2748,mish,288,884.3998568638926,0
2749,lisht,288,868.8649131918792,0
2750,lineal,289,715.0839184682118,0
2751,sigmoid,289,730.7160248752916,0
2752,tanh,289,719.2676795149455,0
2753,relu,289,828.8607704200549,0
2754,selu,289,750.5970021340763,0
2755,elu,289,736.0972228940809,0
2756,gelu,289,946.6063088605879,0
2757,swish,289,913.5602405462414,0
2758,mish,289,841.9352695302805,0
2759,lisht,289,829.334550391417,0
2760,lineal,290,697.4526124035474,0
2761,sigmoid,290,835.8092594282934,0
2762,tanh,290,748.3381490583997,0
2763,relu,290,736.4188586709788,0
2764,selu,290,726.17329608812,0
2765,elu,290,799.2043935294496,0
2766,gelu,290,1002.5796553859254,0
2767,swish,290,821.1522562176688,0
2768,mish,290,821.4256487784442,0
2769,lisht,290,929.3936828311998,0
2770,lineal,291,726.410100311623,0
2771,sigmoid,291,738.8027307986049,0
2772,tanh,291,728.3679339133669,0
2773,relu,291,789.7161956172204,0
2774,selu,291,781.0549806009512,0
2775,elu,291,747.2337171139661,0
2776,gelu,291,960.4231916514691,0
2777,swish,291,886.1821866930695,0
2778,mish,291,869.6102363797836,0
2779,lisht,291,840.6902122512693,0
2780,lineal,292,710.10403218586,0
2781,sigmoid,292,782.9767761809053,0
2782,tanh,292,788.5378523410764,0
2783,relu,292,752.385136412573,0
2784,selu,292,741.5565232584486,0
2785,elu,292,730.0124115314102,0
2786,gelu,292,1065.661523618619,0
2787,swish,292,836.8427825024119,0
2788,mish,292,837.7150666139787,0
2789,lisht,292,824.0067356264917,0
2790,lineal,293,818.5130399103509,0
2791,sigmoid,293,755.5639249852393,0
2792,tanh,293,742.7419488013256,0
2793,relu,293,733.6164381518029,0
2794,selu,293,793.4446292924695,0
2795,elu,293,786.461652438622,0
2796,gelu,293,982.2842270722613,0
2797,swish,293,818.8051262330264,0
2798,mish,293,914.0748860809254,0
2799,lisht,293,871.8244695609901,0
2800,lineal,294,723.5999158252962,0
2801,sigmoid,294,739.6978790267603,0
2802,tanh,294,729.3652154202573,0
2803,relu,294,842.3398456338327,0
2804,selu,294,763.440004621516,0
2805,elu,294,747.0216998651158,0
2806,gelu,294,962.0664739788044,0
2807,swish,294,922.0420798703562,0
2808,mish,294,860.1706728192512,0
2809,lisht,294,843.7617221447872,0
2810,lineal,295,711.8704676567577,0
2811,sigmoid,295,825.3067726900335,0
2812,tanh,295,775.0508983900072,0
2813,relu,295,752.1903786686016,0
2814,selu,295,743.4904326703399,0
2815,elu,295,733.0568105353741,0
2816,gelu,295,1085.9092909008032,0
2817,swish,295,839.5860461362172,0
2818,mish,295,843.1908514627721,0
2819,lisht,295,891.1951582350302,0
2820,lineal,296,770.4892345042899,0
2821,sigmoid,296,760.5667653939454,0
2822,tanh,296,748.1513057295233,0
2823,relu,296,738.3488349204417,0
2824,selu,296,803.1224163887091,0
2825,elu,296,793.9417655632133,0
2826,gelu,296,992.4480810828973,0
2827,swish,296,826.1455222913064,0
2828,mish,296,915.5832342111971,0
2829,lisht,296,885.5849267231533,0
2830,lineal,297,732.4680001606466,0
2831,sigmoid,297,747.9498084512306,0
2832,tanh,297,737.652782556368,0
2833,relu,297,835.6163374439348,0
2834,selu,297,778.9349484863924,0
2835,elu,297,755.6281068263343,0
2836,gelu,297,974.0619631769368,0
2837,swish,297,912.3628552642185,0
2838,mish,297,880.1638557866681,0
2839,lisht,297,855.0000136919552,0
2840,lineal,298,723.80533277418,0
2841,sigmoid,298,738.8370859264396,0
2842,tanh,298,862.5689348515589,0
2843,relu,298,768.179553685477,0
2844,selu,298,755.1498274581973,0
2845,elu,298,746.5368080239277,0
2846,gelu,298,1072.3412943519652,0
2847,swish,298,861.1806211576331,0
2848,mish,298,856.1609591975575,0
2849,lisht,298,846.2271376404678,0
2850,lineal,299,800.0982537413947,0
2851,sigmoid,299,792.2818564993795,0
2852,tanh,299,762.7490198772866,0
2853,relu,299,756.2344630485168,0
2854,selu,299,743.6597015276784,0
2855,elu,299,826.975195305422,0
2856,gelu,299,1029.1758654577425,0
2857,swish,299,843.0511899793055,0
2858,mish,299,847.1016312100692,0
2859,lisht,299,940.7657480774214,0
