-- MySQL dump 10.13  Distrib 8.0.35, for Linux (x86_64)
--
-- Host: localhost    Database: ETL05
-- ------------------------------------------------------
-- Server version	8.0.35-0ubuntu0.22.04.1

/*!40101 SET @OLD_CHARACTER_SET_CLIENT=@@CHARACTER_SET_CLIENT */;
/*!40101 SET @OLD_CHARACTER_SET_RESULTS=@@CHARACTER_SET_RESULTS */;
/*!40101 SET @OLD_COLLATION_CONNECTION=@@COLLATION_CONNECTION */;
/*!50503 SET NAMES utf8mb4 */;
/*!40103 SET @OLD_TIME_ZONE=@@TIME_ZONE */;
/*!40103 SET TIME_ZONE='+00:00' */;
/*!40014 SET @OLD_UNIQUE_CHECKS=@@UNIQUE_CHECKS, UNIQUE_CHECKS=0 */;
/*!40014 SET @OLD_FOREIGN_KEY_CHECKS=@@FOREIGN_KEY_CHECKS, FOREIGN_KEY_CHECKS=0 */;
/*!40101 SET @OLD_SQL_MODE=@@SQL_MODE, SQL_MODE='NO_AUTO_VALUE_ON_ZERO' */;
/*!40111 SET @OLD_SQL_NOTES=@@SQL_NOTES, SQL_NOTES=0 */;

--
-- Table structure for table `Audit`
--

DROP TABLE IF EXISTS `Audit`;
/*!40101 SET @saved_cs_client     = @@character_set_client */;
/*!50503 SET character_set_client = utf8mb4 */;
CREATE TABLE `Audit` (
  `Id` int NOT NULL AUTO_INCREMENT,
  `Date` datetime DEFAULT NULL,
  `Process` varchar(255) DEFAULT NULL,
  `Status` varchar(255) DEFAULT NULL,
  PRIMARY KEY (`Id`)
) ENGINE=InnoDB AUTO_INCREMENT=98 DEFAULT CHARSET=utf8mb4 COLLATE=utf8mb4_0900_ai_ci;
/*!40101 SET character_set_client = @saved_cs_client */;

--
-- Dumping data for table `Audit`
--

LOCK TABLES `Audit` WRITE;
/*!40000 ALTER TABLE `Audit` DISABLE KEYS */;
INSERT INTO `Audit` VALUES (6,'2024-01-25 16:20:18','Job-Main','Started'),(7,'2024-01-25 16:20:18','Job-Ingest','Started'),(8,'2024-01-25 16:20:18','Job-Ingest-System','Started'),(9,'2024-01-25 16:20:21','Job-Ingest-System','Finished'),(10,'2024-01-25 16:20:21','Job-Ingest-Company','Started'),(11,'2024-01-25 16:20:21','Job-Ingest-Company','Finished'),(12,'2024-01-25 16:20:21','Job-Ingest-Employees','Started'),(13,'2024-01-25 16:20:22','Job-Ingest-Employees','Finished'),(14,'2024-01-25 16:20:22','Job-Ingest','Finished'),(15,'2024-01-25 16:20:22','Job-Transformation','Started'),(16,'2024-01-25 16:20:22','Job-Transform-Clients','Started'),(17,'2024-01-25 16:20:22','Job-Transform-Clients','Finished'),(18,'2024-01-25 16:20:22','Job-Transform-Employees','Started'),(19,'2024-01-25 16:20:22','Job-Transform-Employees','Finished'),(20,'2024-01-25 16:20:22','Job-Transform-LogsShifts','Started'),(21,'2024-01-25 16:20:23','Job-Transform-LogsShifts','Finished'),(22,'2024-01-25 16:20:23','Job-Transform-SalesProducts','Started'),(23,'2024-01-25 16:20:24','Job-Transform-SalesProducts','Finished'),(24,'2024-01-25 16:20:24','Job-Transformation','Finished'),(25,'2024-01-25 16:20:24','Job-CleanUp','Started'),(26,'2024-01-25 16:20:24','Job-CleanUp','Finished'),(27,'2024-01-25 16:20:24','Job-Main','Finished'),(28,'2024-01-25 16:51:23','Job-Main','Started'),(29,'2024-01-25 16:51:23','Job-Ingest','Started'),(30,'2024-01-25 16:51:23','Job-Ingest-System','Started'),(31,'2024-01-25 16:51:25','Job-Ingest-System','Finished'),(32,'2024-01-25 16:51:25','Job-Ingest-Company','Started'),(33,'2024-01-25 16:51:26','Job-Ingest-Company','Finished'),(34,'2024-01-25 16:51:26','Job-Ingest-Employees','Started'),(35,'2024-01-25 16:51:26','Job-Ingest-Employees','Finished'),(36,'2024-01-25 16:51:26','Job-Ingest','Finished'),(37,'2024-01-25 16:51:26','Job-Transformation','Started'),(38,'2024-01-25 16:51:26','Job-Transform-Clients','Started'),(39,'2024-01-25 16:51:26','Job-Transform-Clients','Finished'),(40,'2024-01-25 16:51:26','Job-Transform-Employees','Started'),(41,'2024-01-25 16:51:27','Job-Transform-Employees','Finished'),(42,'2024-01-25 16:51:27','Job-Transform-LogsShifts','Started'),(43,'2024-01-25 16:51:27','Job-Transform-LogsShifts','Finished'),(44,'2024-01-25 16:51:27','Job-Transform-SalesProducts','Started'),(45,'2024-01-25 16:51:27','Job-Transform-SalesProducts','Finished'),(46,'2024-01-25 16:51:28','Job-Transformation','Finished'),(47,'2024-01-25 16:51:28','Job-CleanUp','Started'),(48,'2024-01-25 16:51:28','Job-CleanUp','Finished'),(49,'2024-01-25 16:51:28','Job-Main','Finished'),(50,'2024-01-25 17:25:28','Job-Main','Started'),(51,'2024-01-25 17:25:28','Job-Ingest','Started'),(52,'2024-01-25 17:25:28','Job-Ingest-System','Started'),(53,'2024-01-25 17:25:32','Job-Ingest-System','Finished'),(54,'2024-01-25 17:25:32','Job-Ingest-Company','Started'),(55,'2024-01-25 17:25:32','Job-Ingest-Company','Finished'),(56,'2024-01-25 17:25:32','Job-Ingest-Employees','Started'),(57,'2024-01-25 17:25:33','Job-Ingest-Employees','Finished'),(58,'2024-01-25 17:25:33','Job-Ingest','Finished'),(59,'2024-01-25 17:25:33','Job-Transformation','Started'),(60,'2024-01-25 17:25:33','Job-Transform-Clients','Started'),(61,'2024-01-25 17:25:33','Job-Transform-Clients','Finished'),(62,'2024-01-25 17:25:33','Job-Transform-Employees','Started'),(63,'2024-01-25 17:25:33','Job-Transform-Employees','Finished'),(64,'2024-01-25 17:25:33','Job-Transform-LogsShifts','Started'),(65,'2024-01-25 17:25:34','Job-Transform-LogsShifts','Finished'),(66,'2024-01-25 17:25:34','Job-Transform-SalesProducts','Started'),(67,'2024-01-25 17:25:34','Job-Transform-SalesProducts','Finished'),(68,'2024-01-25 17:25:34','Job-Transformation','Finished'),(69,'2024-01-25 17:25:34','Job-CleanUp','Started'),(70,'2024-01-25 17:25:35','Job-CleanUp','Finished'),(71,'2024-01-25 17:25:35','Job-Main','Finished'),(72,'2024-01-25 17:25:50','Job-Ingest-System','Started'),(73,'2024-01-25 17:25:54','Job-Ingest-System','Finished'),(74,'2024-01-25 17:33:33','Job-Ingest-System','Started'),(75,'2024-01-25 17:33:37','Job-Ingest-System','Finished'),(76,'2024-01-25 18:11:51','Job-Main','Started'),(77,'2024-01-25 18:11:51','Job-Ingest','Started'),(78,'2024-01-25 18:11:51','Job-Ingest-System','Started'),(79,'2024-01-25 18:11:54','Job-Ingest-System','Finished'),(80,'2024-01-25 18:11:54','Job-Ingest-Company','Started'),(81,'2024-01-25 18:11:57','Job-Ingest-Company','Finished'),(82,'2024-01-25 18:11:58','Job-Ingest-Employees','Started'),(83,'2024-01-25 18:11:59','Job-Ingest-Employees','Finished'),(84,'2024-01-25 18:11:59','Job-Ingest','Finished'),(85,'2024-01-25 18:11:59','Job-Transformation','Started'),(86,'2024-01-25 18:11:59','Job-Transform-Clients','Started'),(87,'2024-01-25 18:11:59','Job-Transform-Clients','Finished'),(88,'2024-01-25 18:11:59','Job-Transform-Employees','Started'),(89,'2024-01-25 18:11:59','Job-Transform-Employees','Finished'),(90,'2024-01-25 18:11:59','Job-Transform-LogsShifts','Started'),(91,'2024-01-25 18:12:00','Job-Transform-LogsShifts','Finished'),(92,'2024-01-25 18:12:00','Job-Transform-SalesProducts','Started'),(93,'2024-01-25 18:12:00','Job-Transform-SalesProducts','Finished'),(94,'2024-01-25 18:12:00','Job-Transformation','Finished'),(95,'2024-01-25 18:12:00','Job-CleanUp','Started'),(96,'2024-01-25 18:12:01','Job-CleanUp','Finished'),(97,'2024-01-25 18:12:01','Job-Main','Finished');
/*!40000 ALTER TABLE `Audit` ENABLE KEYS */;
UNLOCK TABLES;

--
-- Table structure for table `Clientes`
--

DROP TABLE IF EXISTS `Clientes`;
/*!40101 SET @saved_cs_client     = @@character_set_client */;
/*!50503 SET character_set_client = utf8mb4 */;
CREATE TABLE `Clientes` (
  `Cliente` int DEFAULT NULL,
  `Nombre` text CHARACTER SET utf8mb3 COLLATE utf8mb3_unicode_ci,
  `Direccion` text CHARACTER SET utf8mb3 COLLATE utf8mb3_unicode_ci,
  `Telefono` int DEFAULT NULL,
  `Provincia` text CHARACTER SET utf8mb3 COLLATE utf8mb3_unicode_ci
) ENGINE=InnoDB DEFAULT CHARSET=utf8mb3 COLLATE=utf8mb3_unicode_ci;
/*!40101 SET character_set_client = @saved_cs_client */;

--
-- Dumping data for table `Clientes`
--

LOCK TABLES `Clientes` WRITE;
/*!40000 ALTER TABLE `Clientes` DISABLE KEYS */;
INSERT INTO `Clientes` VALUES (1,'Cesar Hanson','053 Davis Shoals Wilcoxside  NE 34479',67361980,'Maine'),(2,'Lisa Brooks','317 Michael Ranch West Jesseside  VT 67680',42455840,'Delaware'),(3,'Robin Shannon','141 Simon Crossing Davidport  NC 12266',57393120,'Maryland'),(4,'Stanley Eaton','80750 Stewart Fork Brianmouth  TX 79916',2113185,'Delaware'),(5,'Lawrence Thornton','872 Brenda Rapids East Matthew  AS 71110',673614350,'Arizona'),(6,'William Richardson','4305 Williams Prairie Suite 693 Adrianshire  MH 01521',42455834,'Oregon'),(7,'Robert Thomas','31093 Jones Plain Dennishaven  MA 21563',57396720,'Colorado'),(8,'Natasha Fuentes','143 Flores Meadows Apt. 577 Lake Mary  FL 33210',211345,'South Dakota'),(9,'Richard Alexander','3161 Tucker Valleys Apt. 999 Hallshire  MT 76432',67361980,'Nevada'),(10,'Julia Reid','746 Mcdaniel Village Gonzalezborough  VT 16881',42455840,'Mississippi'),(11,'Kathryn Suarez','589 Steven Junction Apt. 668 Kathystad  MT 22489',57393120,'Washington'),(12,'Justin Johnson','02856 Ford Meadow Apt. 256 West Michael  SD 99367',2113185,'Montana'),(13,'Scott Castaneda','6324 Jessica Knoll Suite 193 South Jeremiah  PR 68650',67361980,'West Virginia'),(15,'Allison Medina','309 Lowery Pines Meganside  WI 56572',42455834,'Wisconsin'),(16,'Mary Olson','Unit 5570 Box 9566 DPO AA 53700',57396720,'Texas'),(17,'Shannon Mills','6675 Jerry Ports Suite 656 Nguyenborough  TX 50574',211345,'Maryland'),(18,'Dennis Mitchell','42562 Sawyer Plaza Suite 015 Angelaberg  OK 08272',67361980,'North Carolina'),(19,'Dr. Nancy Adams DDS','0709 Phillips Rapids Apt. 415 New Andrew  LA 67972',42455840,'Kentucky'),(20,'William Robinson','041 Odom Prairie New Shaneland  PW 91416',57393120,'Ohio'),(21,'Angela Hale','821 Anna Shore Apt. 209 West Thomasbury  MS 92972',2113185,'Indiana'),(22,'Jared Mora','28240 Little Crossing Apt. 969 North Bradleychester  DE 21155',67361980,'Colorado'),(24,'Philip Anderson','13285 Cynthia Divide Rachelshire  MP 71008',42455834,'Tennessee'),(25,'Vanessa Yoder','254 Campbell Union Lauraland  TX 21468',57396720,'Wyoming'),(26,'Tonya Sims','6806 Reilly Green West Adam  TN 12851',211345,'Massachusetts'),(27,'Andrew Estrada','219 Brown Curve Suite 349 New Donald  HI 85407',67361980,'New York'),(28,'Cody Reeves','USNV Ward FPO AE 54222',42455840,'Maine'),(30,'Amy Powers','472 Taylor Harbors Suite 074 Riverastad  DE 23891',42455834,'Arizona'),(31,'Terry Acosta','204 Williams Lakes Apt. 839 South Richard  LA 19131',57396720,'Michigan'),(32,'Mrs. Cynthia Hall','9508 Charles Isle Suite 085 South Gabriela  DC 73385',211345,'South Carolina'),(33,'Andrew Friedman','7614 Armstrong Trafficway Mooreborough  NY 72257',67361980,'Oklahoma'),(34,'Mr. Patrick Perez','5994 Hector Pass New Kimberly  TX 99809',42455840,'Washington'),(36,'Andrea Bradley','80011 Jeremy Lane Apt. 886 Curtisbury  HI 10902',42455834,'Nebraska'),(37,'Jennifer Young','43143 Nathaniel Ports Suite 631 North Garrett  IA 01424',57396720,'Massachusetts'),(38,'Ryan Mason','50370 Wright Cliff West Julie  VI 41220',211345,'Mississippi'),(39,'Juan Wong','93269 Timothy Plains Kellyside  VT 05890',67361980,'Iowa'),(40,'Katie Sanchez','95057 Cox Fort Suite 265 Elizabethport  SD 96253',42455840,'Kansas'),(42,'Teresa Young','27784 Poole Isle Apt. 684 East Scott  HI 62245',42455834,'Kansas'),(43,'David Scott','65773 Dawn Mountain Apt. 438 Sandrafort  AR 68329',57396720,'West Virginia'),(44,'Garrett Olson','76013 Perez Union Cainberg  ND 61948',211345,'Nevada'),(45,'Catherine Butler','1798 Joe Pine Crystalborough  DE 55479',67361980,'Ohio'),(46,'James Allen','Unit 6876 Box 2799 DPO AA 04925',42455840,'Georgia'),(48,'Mrs. Michele Clark','7945 Jamie Crest Apt. 533 Goodmanport  NV 91189',42455834,'Maryland'),(49,'Angela Frost','67545 Nguyen Glen East Nicoleside  PA 75103',57396720,'Louisiana'),(50,'Adam Garcia','44755 Moody Park Port Josephton  PA 96620',211345,'Texas');
/*!40000 ALTER TABLE `Clientes` ENABLE KEYS */;
UNLOCK TABLES;

--
-- Table structure for table `Clients`
--

DROP TABLE IF EXISTS `Clients`;
/*!40101 SET @saved_cs_client     = @@character_set_client */;
/*!50503 SET character_set_client = utf8mb4 */;
CREATE TABLE `Clients` (
  `Id` int DEFAULT NULL,
  `Name` varchar(100) DEFAULT NULL
) ENGINE=InnoDB DEFAULT CHARSET=utf8mb4 COLLATE=utf8mb4_0900_ai_ci;
/*!40101 SET character_set_client = @saved_cs_client */;

--
-- Dumping data for table `Clients`
--

LOCK TABLES `Clients` WRITE;
/*!40000 ALTER TABLE `Clients` DISABLE KEYS */;
INSERT INTO `Clients` VALUES (1,'Cesar Hanson'),(2,'Lisa Brooks'),(3,'Robin Shannon'),(4,'Stanley Eaton'),(5,'Lawrence Thornton'),(6,'William Richardson'),(7,'Robert Thomas'),(8,'Natasha Fuentes'),(9,'Richard Alexander'),(10,'Julia Reid'),(11,'Kathryn Suarez'),(12,'Justin Johnson'),(13,'Scott Castaneda'),(15,'Allison Medina'),(16,'Mary Olson'),(17,'Shannon Mills'),(18,'Dennis Mitchell'),(19,'Dr. Nancy Adams DDS'),(20,'William Robinson'),(21,'Angela Hale'),(22,'Jared Mora'),(24,'Philip Anderson'),(25,'Vanessa Yoder'),(26,'Tonya Sims'),(27,'Andrew Estrada'),(28,'Cody Reeves'),(30,'Amy Powers'),(31,'Terry Acosta'),(32,'Mrs. Cynthia Hall'),(33,'Andrew Friedman'),(34,'Mr. Patrick Perez'),(36,'Andrea Bradley'),(37,'Jennifer Young'),(38,'Ryan Mason'),(39,'Juan Wong'),(40,'Katie Sanchez'),(42,'Teresa Young'),(43,'David Scott'),(44,'Garrett Olson'),(45,'Catherine Butler'),(46,'James Allen'),(48,'Mrs. Michele Clark'),(49,'Angela Frost'),(50,'Adam Garcia');
/*!40000 ALTER TABLE `Clients` ENABLE KEYS */;
UNLOCK TABLES;

--
-- Table structure for table `Employees`
--

DROP TABLE IF EXISTS `Employees`;
/*!40101 SET @saved_cs_client     = @@character_set_client */;
/*!50503 SET character_set_client = utf8mb4 */;
CREATE TABLE `Employees` (
  `Id` int DEFAULT NULL,
  `Name` varchar(100) DEFAULT NULL
) ENGINE=InnoDB DEFAULT CHARSET=utf8mb4 COLLATE=utf8mb4_0900_ai_ci;
/*!40101 SET character_set_client = @saved_cs_client */;

--
-- Dumping data for table `Employees`
--

LOCK TABLES `Employees` WRITE;
/*!40000 ALTER TABLE `Employees` DISABLE KEYS */;
INSERT INTO `Employees` VALUES (1,'Lisa Jennings'),(2,'Leslie Holloway'),(3,'Brian Steele'),(4,'Jeffery Fox'),(5,'Christopher Gutierrez'),(6,'Jon Castillo'),(7,'Tammy Hartman'),(8,'Michael Moore'),(9,'Jeanette Ellis'),(10,'John Jones'),(11,'Mr. Bruce Fisher'),(12,'Stacey Mcintyre'),(13,'Steven Henry'),(14,'Lindsay Erickson'),(15,'Gail Cervantes'),(16,'Brianna Watson'),(17,'Michael Quinn'),(18,'Bryan Greene'),(19,'Amanda Freeman'),(20,'Thomas Anderson'),(21,'Julie Wilson'),(22,'Teresa Silva'),(23,'Joshua Duncan'),(24,'Makayla Martin'),(25,'Denise Thompson'),(26,'Pamela Farrell'),(27,'Kaitlyn Price'),(28,'Brianna Moore'),(29,'Thomas Maldonado'),(30,'Melissa Nunez'),(31,'Bryan Pratt'),(32,'Jose Johnson'),(33,'Teresa Mckenzie'),(34,'Christopher Snyder'),(35,'Randall King'),(36,'Dr. Lisa Stewart DDS'),(37,'Jessica Romero'),(38,'Andrea Gilbert'),(39,'Scott Munoz'),(40,'Caitlin Shaw'),(41,'Thomas Richardson'),(42,'Erin Galloway MD'),(43,'Shane Marks'),(44,'Devin Mcdonald'),(45,'Angelica Ortiz'),(46,'Ann Perkins'),(47,'Erik Delacruz'),(48,'Sarah Nguyen'),(49,'Jacob Stewart'),(50,'Cynthia Williams');
/*!40000 ALTER TABLE `Employees` ENABLE KEYS */;
UNLOCK TABLES;

--
-- Table structure for table `Logs`
--

DROP TABLE IF EXISTS `Logs`;
/*!40101 SET @saved_cs_client     = @@character_set_client */;
/*!50503 SET character_set_client = utf8mb4 */;
CREATE TABLE `Logs` (
  `Action` varchar(100) DEFAULT NULL,
  `EmployeeId` int DEFAULT NULL,
  `Date` datetime DEFAULT NULL
) ENGINE=InnoDB DEFAULT CHARSET=utf8mb4 COLLATE=utf8mb4_0900_ai_ci;
/*!40101 SET character_set_client = @saved_cs_client */;

--
-- Dumping data for table `Logs`
--

LOCK TABLES `Logs` WRITE;
/*!40000 ALTER TABLE `Logs` DISABLE KEYS */;
INSERT INTO `Logs` VALUES ('Inicio Sesion',32,'2021-01-03 07:28:58'),('Cierre Sesion',32,'2021-01-03 12:49:45'),('Inicio Sesion',7,'2021-01-05 03:00:28'),('Cierre Sesion',7,'2021-01-05 07:13:55'),('Inicio Sesion',50,'2021-01-08 11:23:36'),('Cierre Sesion',50,'2021-01-08 14:02:23'),('Inicio Sesion',33,'2021-01-10 06:44:22'),('Cierre Sesion',33,'2021-01-10 09:14:23'),('Inicio Sesion',42,'2021-01-15 11:09:51'),('Cierre Sesion',42,'2021-01-15 15:44:20'),('Modificacion del Perfil',45,'2021-08-28 13:53:37'),('Cierre Sesion',39,'2021-01-16 02:24:05'),('Inicio Sesion',39,'2021-01-16 21:25:07'),('Inicio Sesion',14,'2021-01-22 16:39:45'),('Cierre Sesion',14,'2021-01-22 18:20:38'),('Cierre Sesion',16,'2021-01-28 01:35:41'),('Inicio Sesion',16,'2021-01-28 21:02:50'),('Inicio Sesion',31,'2021-01-31 16:13:27'),('Cierre Sesion',31,'2021-01-31 18:26:31'),('Inicio Sesion',32,'2021-02-15 08:16:06'),('Cierre Sesion',32,'2021-02-15 10:46:21'),('Modificacion del Perfil',47,'2022-12-08 20:59:54'),('Inicio Sesion',48,'2021-02-19 13:24:53'),('Cierre Sesion',48,'2021-02-19 17:42:52'),('Inicio Sesion',42,'2021-02-21 04:51:51'),('Cierre Sesion',42,'2021-02-21 07:32:19'),('Inicio Sesion',6,'2021-02-21 16:09:25'),('Cierre Sesion',6,'2021-02-21 17:12:45'),('Cierre Sesion',11,'2021-02-22 02:13:26'),('Inicio Sesion',37,'2021-02-22 05:47:53'),('Cierre Sesion',37,'2021-02-22 10:22:32'),('Inicio Sesion',11,'2021-02-22 21:51:24'),('Modificacion del Perfil',11,'2022-06-19 01:50:33'),('Inicio Sesion',25,'2021-03-01 09:24:02'),('Cierre Sesion',25,'2021-03-01 10:42:19'),('Inicio Sesion',23,'2021-03-05 09:37:25'),('Cierre Sesion',23,'2021-03-05 11:28:13'),('Inicio Sesion',21,'2021-03-06 01:40:26'),('Cierre Sesion',21,'2021-03-06 03:26:01'),('Inicio Sesion',2,'2021-03-07 10:23:38'),('Cierre Sesion',2,'2021-03-07 13:50:46'),('Inicio Sesion',18,'2021-03-09 10:41:36'),('Cierre Sesion',18,'2021-03-09 14:07:35'),('Modificacion del Perfil',38,'2021-11-06 14:50:10'),('Inicio Sesion',14,'2021-03-09 16:06:16'),('Cierre Sesion',14,'2021-03-09 20:35:38'),('Inicio Sesion',47,'2021-03-14 11:04:25'),('Cierre Sesion',47,'2021-03-14 12:11:12'),('Inicio Sesion',40,'2021-03-15 14:05:24'),('Cierre Sesion',40,'2021-03-15 17:22:04'),('Cierre Sesion',16,'2021-03-16 01:00:08'),('Inicio Sesion',16,'2021-03-16 23:59:43'),('Inicio Sesion',6,'2021-03-27 09:23:36'),('Cierre Sesion',6,'2021-03-27 10:29:06'),('Modificacion del Perfil',10,'2021-11-02 20:23:33'),('Inicio Sesion',7,'2021-03-29 09:36:51'),('Inicio Sesion',2,'2021-03-29 10:44:01'),('Cierre Sesion',7,'2021-03-29 11:59:13'),('Cierre Sesion',2,'2021-03-29 12:29:20'),('Inicio Sesion',46,'2021-03-31 16:02:03'),('Cierre Sesion',46,'2021-03-31 18:57:49'),('Inicio Sesion',4,'2021-04-09 03:00:11'),('Cierre Sesion',4,'2021-04-09 08:57:34'),('Inicio Sesion',43,'2021-04-10 19:51:51'),('Cierre Sesion',43,'2021-04-10 22:44:53'),('Modificacion del Perfil',11,'2022-10-17 16:59:56'),('Inicio Sesion',26,'2021-04-11 02:43:47'),('Cierre Sesion',26,'2021-04-11 05:46:34'),('Inicio Sesion',12,'2021-04-14 02:31:16'),('Cierre Sesion',12,'2021-04-14 07:28:18'),('Inicio Sesion',12,'2021-04-17 03:45:02'),('Cierre Sesion',12,'2021-04-17 04:34:17'),('Inicio Sesion',26,'2021-04-19 15:10:43'),('Cierre Sesion',26,'2021-04-19 17:16:21'),('Inicio Sesion',19,'2021-04-26 00:48:29'),('Cierre Sesion',19,'2021-04-26 03:34:29'),('Modificacion del Perfil',1,'2021-03-07 19:02:52'),('Cierre Sesion',33,'2021-04-27 00:56:46'),('Inicio Sesion',33,'2021-04-27 19:40:15'),('Inicio Sesion',39,'2021-05-01 13:09:17'),('Cierre Sesion',39,'2021-05-01 15:17:03'),('Inicio Sesion',24,'2021-05-07 01:25:15'),('Cierre Sesion',24,'2021-05-07 02:27:17'),('Inicio Sesion',43,'2021-05-08 00:26:54'),('Cierre Sesion',43,'2021-05-08 02:34:19'),('Inicio Sesion',44,'2021-05-22 00:34:16'),('Cierre Sesion',44,'2021-05-22 04:01:18'),('Modificacion del Perfil',21,'2022-04-23 10:24:30'),('Inicio Sesion',4,'2021-05-25 00:58:18'),('Cierre Sesion',4,'2021-05-25 01:48:21'),('Inicio Sesion',43,'2021-05-28 13:54:55'),('Cierre Sesion',43,'2021-05-28 16:28:41'),('Inicio Sesion',21,'2021-05-29 01:51:57'),('Cierre Sesion',21,'2021-05-29 05:18:31'),('Inicio Sesion',45,'2021-05-29 22:12:13'),('Cierre Sesion',45,'2021-05-29 23:07:39'),('Inicio Sesion',30,'2021-05-31 16:40:46'),('Cierre Sesion',30,'2021-05-31 19:21:55'),('Modificacion del Perfil',39,'2022-12-14 20:56:33'),('Inicio Sesion',41,'2021-06-02 08:38:14'),('Cierre Sesion',41,'2021-06-02 11:49:51'),('Inicio Sesion',5,'2021-06-07 16:27:51'),('Cierre Sesion',5,'2021-06-07 18:19:54'),('Inicio Sesion',46,'2021-06-18 02:40:27'),('Inicio Sesion',11,'2021-06-18 05:45:56'),('Cierre Sesion',11,'2021-06-18 06:43:50'),('Cierre Sesion',46,'2021-06-18 07:29:51'),('Inicio Sesion',41,'2021-07-01 15:09:11'),('Cierre Sesion',41,'2021-07-01 18:26:53'),('Modificacion del Perfil',30,'2022-04-01 19:23:06'),('Inicio Sesion',24,'2021-07-05 05:04:21'),('Cierre Sesion',24,'2021-07-05 10:07:05'),('Inicio Sesion',21,'2021-07-06 02:37:14'),('Cierre Sesion',21,'2021-07-06 03:04:39'),('Inicio Sesion',5,'2021-07-13 14:59:56'),('Cierre Sesion',5,'2021-07-13 17:47:46'),('Inicio Sesion',13,'2021-07-13 18:50:27'),('Cierre Sesion',13,'2021-07-13 21:35:00'),('Inicio Sesion',6,'2021-07-15 02:42:25'),('Cierre Sesion',6,'2021-07-15 05:42:54'),('Modificacion del Perfil',37,'2022-11-03 01:04:50'),('Inicio Sesion',33,'2021-07-22 04:00:11'),('Cierre Sesion',33,'2021-07-22 07:28:05'),('Inicio Sesion',13,'2021-07-23 13:44:52'),('Cierre Sesion',13,'2021-07-23 16:17:18'),('Inicio Sesion',20,'2021-07-24 13:30:14'),('Cierre Sesion',20,'2021-07-24 16:21:01'),('Inicio Sesion',49,'2021-07-31 03:30:54'),('Cierre Sesion',49,'2021-07-31 08:57:15'),('Inicio Sesion',47,'2021-07-31 14:15:03'),('Cierre Sesion',47,'2021-07-31 16:22:27'),('Modificacion del Perfil',8,'2021-08-03 02:22:58'),('Inicio Sesion',8,'2021-08-02 18:21:04'),('Cierre Sesion',8,'2021-08-02 23:09:11'),('Inicio Sesion',33,'2021-08-03 17:38:44'),('Cierre Sesion',33,'2021-08-03 20:43:12'),('Inicio Sesion',26,'2021-08-08 11:21:54'),('Cierre Sesion',26,'2021-08-08 12:49:23'),('Inicio Sesion',47,'2021-08-10 01:05:47'),('Cierre Sesion',47,'2021-08-10 04:05:56'),('Inicio Sesion',17,'2021-08-12 01:35:34'),('Cierre Sesion',17,'2021-08-12 03:13:32'),('Modificacion del Perfil',50,'2022-10-20 23:53:08'),('Inicio Sesion',49,'2021-08-21 08:45:13'),('Cierre Sesion',49,'2021-08-21 09:19:24'),('Inicio Sesion',46,'2021-08-30 14:39:36'),('Cierre Sesion',46,'2021-08-30 18:52:25'),('Inicio Sesion',18,'2021-08-31 04:40:18'),('Cierre Sesion',18,'2021-08-31 06:03:41'),('Inicio Sesion',41,'2021-09-03 07:22:47'),('Cierre Sesion',41,'2021-09-03 12:30:32'),('Inicio Sesion',30,'2021-09-10 00:37:01'),('Cierre Sesion',30,'2021-09-10 01:15:45'),('Modificacion del Perfil',27,'2022-10-07 15:13:55'),('Cierre Sesion',11,'2021-09-10 02:02:06'),('Inicio Sesion',11,'2021-09-10 23:25:21'),('Inicio Sesion',50,'2021-09-12 01:05:18'),('Cierre Sesion',50,'2021-09-12 02:58:56'),('Inicio Sesion',49,'2021-09-15 08:28:47'),('Cierre Sesion',49,'2021-09-15 09:53:05'),('Inicio Sesion',25,'2021-09-17 13:44:04'),('Cierre Sesion',25,'2021-09-17 18:17:23'),('Inicio Sesion',8,'2021-09-19 08:24:56'),('Cierre Sesion',8,'2021-09-19 09:24:21'),('Modificacion del Perfil',25,'2021-05-16 23:15:12'),('Inicio Sesion',28,'2021-09-21 10:15:00'),('Cierre Sesion',28,'2021-09-21 14:14:29'),('Inicio Sesion',7,'2021-10-02 05:50:46'),('Cierre Sesion',7,'2021-10-02 09:10:31'),('Cierre Sesion',34,'2021-10-16 02:02:46'),('Inicio Sesion',34,'2021-10-16 21:47:49'),('Inicio Sesion',3,'2021-10-18 02:35:13'),('Cierre Sesion',3,'2021-10-18 04:25:09'),('Inicio Sesion',17,'2021-10-22 14:05:07'),('Cierre Sesion',17,'2021-10-22 17:20:25'),('Modificacion del Perfil',17,'2021-10-03 15:34:59'),('Inicio Sesion',5,'2021-10-25 18:59:55'),('Cierre Sesion',5,'2021-10-25 20:48:25'),('Inicio Sesion',15,'2021-11-08 20:40:42'),('Cierre Sesion',15,'2021-11-08 23:01:58'),('Cierre Sesion',45,'2021-11-10 00:29:07'),('Inicio Sesion',45,'2021-11-10 20:21:43'),('Inicio Sesion',8,'2021-11-15 13:21:53'),('Cierre Sesion',8,'2021-11-15 14:48:23'),('Inicio Sesion',41,'2021-11-18 04:53:10'),('Cierre Sesion',41,'2021-11-18 06:06:54'),('Modificacion del Perfil',19,'2022-09-12 02:11:05'),('Inicio Sesion',14,'2021-11-29 01:36:21'),('Cierre Sesion',14,'2021-11-29 05:26:14'),('Inicio Sesion',22,'2021-11-29 16:03:41'),('Cierre Sesion',22,'2021-11-29 20:53:13'),('Cierre Sesion',37,'2021-11-30 00:55:23'),('Inicio Sesion',37,'2021-11-30 23:03:46'),('Cierre Sesion',11,'2021-12-06 03:31:24'),('Inicio Sesion',11,'2021-12-06 23:31:43'),('Inicio Sesion',37,'2021-12-08 00:01:43'),('Cierre Sesion',37,'2021-12-08 05:56:47'),('Modificacion del Perfil',16,'2021-07-05 13:30:27'),('Inicio Sesion',2,'2021-12-08 07:26:39'),('Cierre Sesion',2,'2021-12-08 11:16:55'),('Cierre Sesion',10,'2021-12-11 01:38:54'),('Inicio Sesion',10,'2021-12-11 20:21:58'),('Inicio Sesion',17,'2021-12-14 03:01:22'),('Cierre Sesion',17,'2021-12-14 05:40:51'),('Inicio Sesion',27,'2021-12-17 10:17:24'),('Cierre Sesion',27,'2021-12-17 12:10:27'),('Inicio Sesion',30,'2021-12-24 18:59:29'),('Cierre Sesion',30,'2021-12-24 22:02:37'),('Modificacion del Perfil',21,'2021-10-08 06:37:51'),('Inicio Sesion',17,'2022-01-01 11:55:43'),('Cierre Sesion',17,'2022-01-01 16:11:14'),('Inicio Sesion',41,'2022-01-03 00:09:27'),('Cierre Sesion',41,'2022-01-03 01:28:08'),('Inicio Sesion',46,'2022-01-04 00:27:48'),('Cierre Sesion',46,'2022-01-04 05:50:49'),('Inicio Sesion',6,'2022-01-07 01:56:24'),('Cierre Sesion',3,'2022-01-07 02:43:25'),('Cierre Sesion',6,'2022-01-07 03:51:16'),('Inicio Sesion',3,'2022-01-07 21:23:51'),('Modificacion del Perfil',1,'2021-02-20 01:41:05'),('Inicio Sesion',18,'2022-01-18 12:55:20'),('Cierre Sesion',18,'2022-01-18 14:43:21'),('Cierre Sesion',39,'2022-01-19 04:44:19'),('Inicio Sesion',39,'2022-01-19 23:39:49'),('Inicio Sesion',1,'2022-01-21 05:05:21'),('Cierre Sesion',1,'2022-01-21 09:02:59'),('Inicio Sesion',23,'2022-01-28 19:15:25'),('Cierre Sesion',23,'2022-01-28 23:06:34'),('Inicio Sesion',18,'2022-01-29 17:07:22'),('Cierre Sesion',18,'2022-01-29 22:42:52'),('Modificacion del Perfil',2,'2022-04-08 08:41:27'),('Inicio Sesion',25,'2022-01-31 06:07:02'),('Cierre Sesion',25,'2022-01-31 07:18:03'),('Inicio Sesion',22,'2022-02-03 04:23:51'),('Cierre Sesion',22,'2022-02-03 06:30:56'),('Inicio Sesion',7,'2022-02-08 00:41:05'),('Cierre Sesion',7,'2022-02-08 01:09:26'),('Inicio Sesion',36,'2022-02-08 08:57:46'),('Cierre Sesion',36,'2022-02-08 09:23:13'),('Inicio Sesion',9,'2022-02-17 10:11:25'),('Cierre Sesion',9,'2022-02-17 11:13:01'),('Modificacion del Perfil',39,'2021-09-10 07:16:13'),('Inicio Sesion',39,'2022-02-22 12:40:31'),('Cierre Sesion',39,'2022-02-22 15:32:50'),('Inicio Sesion',34,'2022-03-01 05:28:15'),('Cierre Sesion',34,'2022-03-01 08:05:35'),('Inicio Sesion',44,'2022-03-03 05:28:01'),('Cierre Sesion',44,'2022-03-03 06:12:05'),('Inicio Sesion',30,'2022-03-18 04:14:47'),('Cierre Sesion',30,'2022-03-18 07:10:14'),('Inicio Sesion',11,'2022-03-24 01:24:45'),('Cierre Sesion',11,'2022-03-24 06:08:47'),('Modificacion del Perfil',35,'2021-09-25 11:46:57'),('Inicio Sesion',10,'2022-03-25 02:46:41'),('Cierre Sesion',10,'2022-03-25 03:43:40'),('Inicio Sesion',34,'2022-03-27 05:07:10'),('Cierre Sesion',34,'2022-03-27 07:07:21'),('Inicio Sesion',34,'2022-03-27 18:00:36'),('Cierre Sesion',34,'2022-03-27 21:46:36'),('Inicio Sesion',49,'2022-03-28 18:58:18'),('Cierre Sesion',49,'2022-03-28 19:47:44'),('Inicio Sesion',4,'2022-03-31 20:29:33'),('Cierre Sesion',4,'2022-03-31 21:46:09'),('Modificacion del Perfil',16,'2021-04-01 07:58:58'),('Inicio Sesion',1,'2022-04-02 13:22:29'),('Cierre Sesion',1,'2022-04-02 17:21:29'),('Inicio Sesion',45,'2022-04-06 18:03:40'),('Cierre Sesion',45,'2022-04-06 19:36:37'),('Inicio Sesion',19,'2022-04-09 04:20:30'),('Inicio Sesion',22,'2022-04-09 05:27:17'),('Cierre Sesion',19,'2022-04-09 06:14:47'),('Cierre Sesion',22,'2022-04-09 07:21:03'),('Inicio Sesion',29,'2022-04-12 02:12:13'),('Cierre Sesion',29,'2022-04-12 04:31:08'),('Modificacion del Perfil',34,'2022-03-12 04:43:50'),('Inicio Sesion',25,'2022-04-18 03:36:01'),('Cierre Sesion',25,'2022-04-18 06:23:51'),('Inicio Sesion',9,'2022-04-22 18:52:06'),('Cierre Sesion',9,'2022-04-22 19:48:18'),('Inicio Sesion',26,'2022-04-23 06:54:34'),('Cierre Sesion',26,'2022-04-23 11:21:36'),('Inicio Sesion',7,'2022-04-29 06:40:47'),('Cierre Sesion',7,'2022-04-29 10:21:18'),('Inicio Sesion',1,'2022-04-30 08:54:49'),('Cierre Sesion',1,'2022-04-30 13:29:54'),('Modificacion del Perfil',29,'2021-06-23 23:42:36'),('Inicio Sesion',50,'2022-04-30 17:39:12'),('Cierre Sesion',50,'2022-04-30 22:02:28'),('Inicio Sesion',19,'2022-05-05 08:56:00'),('Cierre Sesion',19,'2022-05-05 13:42:32'),('Inicio Sesion',34,'2022-05-09 17:51:06'),('Cierre Sesion',34,'2022-05-09 18:50:09'),('Inicio Sesion',46,'2022-05-11 07:45:40'),('Cierre Sesion',46,'2022-05-11 10:45:32'),('Inicio Sesion',48,'2022-05-12 05:33:43'),('Cierre Sesion',48,'2022-05-12 08:09:29'),('Modificacion del Perfil',50,'2022-10-30 22:13:37'),('Inicio Sesion',15,'2022-05-13 18:19:28'),('Cierre Sesion',15,'2022-05-13 23:37:01'),('Inicio Sesion',25,'2022-05-16 17:15:36'),('Cierre Sesion',25,'2022-05-16 18:26:06'),('Inicio Sesion',5,'2022-05-28 09:22:50'),('Cierre Sesion',5,'2022-05-28 13:25:28'),('Cierre Sesion',12,'2022-05-29 00:02:19'),('Inicio Sesion',12,'2022-05-29 23:12:56'),('Cierre Sesion',21,'2022-05-31 00:12:19'),('Inicio Sesion',21,'2022-05-31 19:30:32'),('Modificacion del Perfil',8,'2021-03-15 07:52:10'),('Cierre Sesion',28,'2022-06-08 02:42:26'),('Inicio Sesion',28,'2022-06-08 23:59:54'),('Inicio Sesion',12,'2022-06-12 04:12:01'),('Cierre Sesion',12,'2022-06-12 05:39:49'),('Inicio Sesion',6,'2022-06-13 07:25:23'),('Cierre Sesion',6,'2022-06-13 08:30:30'),('Inicio Sesion',1,'2022-06-13 17:16:00'),('Cierre Sesion',1,'2022-06-13 21:47:29'),('Inicio Sesion',28,'2022-06-18 14:08:52'),('Cierre Sesion',28,'2022-06-18 15:24:18'),('Modificacion del Perfil',22,'2021-02-23 04:41:10'),('Inicio Sesion',41,'2022-06-18 17:53:30'),('Inicio Sesion',14,'2022-06-18 18:11:39'),('Cierre Sesion',41,'2022-06-18 20:40:42'),('Cierre Sesion',14,'2022-06-18 21:35:14'),('Inicio Sesion',46,'2022-06-21 06:54:35'),('Cierre Sesion',46,'2022-06-21 11:57:50'),('Inicio Sesion',16,'2022-06-24 00:15:44'),('Inicio Sesion',2,'2022-06-24 01:39:25'),('Cierre Sesion',16,'2022-06-24 04:58:12'),('Cierre Sesion',2,'2022-06-24 05:07:17'),('Modificacion del Perfil',19,'2021-07-01 09:49:47'),('Inicio Sesion',40,'2022-06-25 15:05:48'),('Cierre Sesion',40,'2022-06-25 18:11:42'),('Inicio Sesion',9,'2022-06-28 18:36:19'),('Cierre Sesion',9,'2022-06-28 21:23:36'),('Inicio Sesion',17,'2022-07-14 08:33:56'),('Cierre Sesion',17,'2022-07-14 11:01:53'),('Cierre Sesion',21,'2022-07-20 01:04:43'),('Inicio Sesion',14,'2022-07-20 03:34:28'),('Cierre Sesion',14,'2022-07-20 08:38:09'),('Inicio Sesion',21,'2022-07-20 21:29:49'),('Modificacion del Perfil',22,'2022-07-16 23:55:40'),('Inicio Sesion',15,'2022-07-23 22:05:24'),('Cierre Sesion',15,'2022-07-23 23:33:42'),('Inicio Sesion',37,'2022-07-25 14:11:16'),('Cierre Sesion',37,'2022-07-25 19:56:48'),('Inicio Sesion',23,'2022-08-01 20:49:17'),('Cierre Sesion',23,'2022-08-01 23:46:03'),('Inicio Sesion',47,'2022-08-05 17:27:34'),('Cierre Sesion',47,'2022-08-05 19:40:13'),('Inicio Sesion',3,'2022-08-07 15:01:58'),('Cierre Sesion',3,'2022-08-07 19:05:09'),('Modificacion del Perfil',47,'2021-08-29 13:38:02'),('Inicio Sesion',44,'2022-08-08 14:49:41'),('Cierre Sesion',44,'2022-08-08 17:39:39'),('Inicio Sesion',48,'2022-08-11 02:57:08'),('Cierre Sesion',48,'2022-08-11 03:54:58'),('Inicio Sesion',30,'2022-08-12 09:28:30'),('Cierre Sesion',30,'2022-08-12 13:35:11'),('Inicio Sesion',49,'2022-08-26 01:39:40'),('Cierre Sesion',49,'2022-08-26 05:11:58'),('Cierre Sesion',34,'2022-08-29 00:48:12'),('Inicio Sesion',34,'2022-08-29 19:43:48'),('Modificacion del Perfil',41,'2022-06-28 07:21:59'),('Inicio Sesion',11,'2022-09-03 01:27:46'),('Cierre Sesion',11,'2022-09-03 04:00:42'),('Inicio Sesion',48,'2022-09-10 22:18:13'),('Cierre Sesion',48,'2022-09-10 23:44:10'),('Inicio Sesion',10,'2022-09-16 03:50:55'),('Cierre Sesion',10,'2022-09-16 06:11:48'),('Inicio Sesion',38,'2022-09-17 04:58:01'),('Cierre Sesion',38,'2022-09-17 08:37:33'),('Inicio Sesion',6,'2022-09-19 03:30:09'),('Cierre Sesion',6,'2022-09-19 06:35:38'),('Modificacion del Perfil',39,'2022-08-10 21:37:04'),('Inicio Sesion',22,'2022-09-20 09:35:20'),('Cierre Sesion',22,'2022-09-20 10:37:49'),('Inicio Sesion',12,'2022-09-23 18:12:09'),('Cierre Sesion',12,'2022-09-23 23:07:12'),('Inicio Sesion',27,'2022-09-24 11:18:02'),('Cierre Sesion',27,'2022-09-24 16:15:48'),('Inicio Sesion',45,'2022-09-25 18:43:48'),('Cierre Sesion',45,'2022-09-25 19:10:35'),('Inicio Sesion',46,'2022-09-26 08:22:13'),('Cierre Sesion',46,'2022-09-26 12:10:43'),('Modificacion del Perfil',3,'2021-01-20 15:38:32'),('Inicio Sesion',35,'2022-09-26 19:33:30'),('Cierre Sesion',35,'2022-09-26 21:23:26'),('Inicio Sesion',46,'2022-09-27 01:22:30'),('Cierre Sesion',46,'2022-09-27 04:06:55'),('Inicio Sesion',26,'2022-09-28 18:21:57'),('Cierre Sesion',26,'2022-09-28 21:24:33'),('Inicio Sesion',44,'2022-09-30 07:30:31'),('Cierre Sesion',44,'2022-09-30 08:20:22'),('Inicio Sesion',31,'2022-09-30 16:26:45'),('Cierre Sesion',31,'2022-09-30 20:46:50'),('Modificacion del Perfil',9,'2021-11-02 02:04:01'),('Inicio Sesion',44,'2022-10-04 16:59:32'),('Cierre Sesion',44,'2022-10-04 21:21:03'),('Inicio Sesion',21,'2022-10-11 14:43:14'),('Cierre Sesion',21,'2022-10-11 17:40:14'),('Inicio Sesion',17,'2022-10-12 04:09:23'),('Cierre Sesion',17,'2022-10-12 08:26:27'),('Inicio Sesion',15,'2022-10-15 09:24:56'),('Cierre Sesion',15,'2022-10-15 10:48:56'),('Cierre Sesion',26,'2022-11-07 00:49:49'),('Inicio Sesion',26,'2022-11-07 23:30:32'),('Modificacion del Perfil',6,'2022-11-26 23:16:53'),('Inicio Sesion',33,'2022-11-10 01:39:11'),('Cierre Sesion',33,'2022-11-10 06:40:53'),('Inicio Sesion',49,'2022-11-16 00:33:14'),('Cierre Sesion',49,'2022-11-16 04:36:07'),('Inicio Sesion',31,'2022-11-26 04:02:39'),('Cierre Sesion',31,'2022-11-26 05:58:08'),('Inicio Sesion',40,'2022-11-26 12:12:48'),('Cierre Sesion',40,'2022-11-26 13:05:59'),('Cierre Sesion',46,'2022-12-03 02:59:35'),('Inicio Sesion',46,'2022-12-03 22:35:36'),('Modificacion del Perfil',32,'2022-04-07 12:41:51'),('Inicio Sesion',39,'2022-12-04 15:31:04'),('Cierre Sesion',39,'2022-12-04 20:45:30'),('Inicio Sesion',43,'2022-12-09 07:45:18'),('Cierre Sesion',43,'2022-12-09 12:22:27'),('Inicio Sesion',7,'2022-12-12 11:56:00'),('Cierre Sesion',7,'2022-12-12 16:32:27'),('Inicio Sesion',35,'2022-12-13 13:59:06'),('Cierre Sesion',35,'2022-12-13 17:37:16'),('Inicio Sesion',45,'2022-12-15 00:28:46'),('Cierre Sesion',45,'2022-12-15 04:24:37'),('Modificacion del Perfil',23,'2022-05-21 13:07:27'),('Cierre Sesion',25,'2022-12-17 00:35:09'),('Inicio Sesion',25,'2022-12-17 23:22:06'),('Inicio Sesion',17,'2022-12-21 05:12:50'),('Cierre Sesion',17,'2022-12-21 08:26:45'),('Inicio Sesion',17,'2022-12-22 17:34:47'),('Cierre Sesion',17,'2022-12-22 19:38:56'),('Inicio Sesion',29,'2022-12-28 02:12:06'),('Cierre Sesion',29,'2022-12-28 03:32:43'),('Inicio Sesion',37,'2022-12-29 05:12:35'),('Cierre Sesion',37,'2022-12-29 10:46:59'),('Modificacion del Perfil',45,'2021-10-09 12:47:11'),('Modificacion del Perfil',16,'2022-02-28 05:26:27'),('Modificacion del Perfil',7,'2022-06-10 08:40:58'),('Modificacion del Perfil',2,'2021-08-04 14:20:02'),('Modificacion del Perfil',24,'2021-07-10 22:04:43'),('Modificacion del Perfil',35,'2022-12-10 16:23:34'),('Modificacion del Perfil',6,'2021-01-15 14:25:22'),('Modificacion del Perfil',15,'2022-03-21 22:28:56'),('Modificacion del Perfil',33,'2022-04-17 03:45:28'),('Modificacion del Perfil',6,'2021-10-18 11:18:18'),('Modificacion del Perfil',4,'2021-02-17 22:56:52'),('Modificacion del Perfil',28,'2022-03-12 00:33:10'),('Modificacion del Perfil',36,'2022-04-20 17:35:16'),('Modificacion del Perfil',4,'2022-09-11 15:17:41'),('Modificacion del Perfil',30,'2022-06-29 03:18:52'),('Modificacion del Perfil',12,'2021-04-30 22:44:16'),('Modificacion del Perfil',39,'2021-04-19 09:13:08'),('Modificacion del Perfil',28,'2021-01-18 21:37:36'),('Modificacion del Perfil',9,'2021-07-01 08:56:55'),('Modificacion del Perfil',27,'2022-10-21 07:10:08'),('Modificacion del Perfil',10,'2022-03-22 06:20:25'),('Modificacion del Perfil',6,'2021-11-18 19:09:06'),('Modificacion del Perfil',1,'2022-10-14 01:09:42'),('Modificacion del Perfil',25,'2021-05-20 18:26:57'),('Modificacion del Perfil',10,'2021-02-14 21:42:25'),('Modificacion del Perfil',22,'2022-09-17 03:22:05'),('Modificacion del Perfil',16,'2022-09-03 04:06:14'),('Modificacion del Perfil',50,'2022-01-22 21:31:58'),('Modificacion del Perfil',7,'2021-09-12 14:00:17'),('Modificacion del Perfil',20,'2021-01-17 03:00:39'),('Modificacion del Perfil',33,'2022-02-21 09:54:08'),('Modificacion del Perfil',5,'2022-04-24 01:20:34'),('Modificacion del Perfil',50,'2021-10-15 05:53:35'),('Inicio Sesion',23,'2021-01-09 02:52:37'),('Cierre Sesion',23,'2021-01-09 07:49:20'),('Inicio Sesion',27,'2021-01-22 00:40:50'),('Cierre Sesion',27,'2021-01-22 05:20:59'),('Inicio Sesion',39,'2021-01-23 22:53:07'),('Cierre Sesion',39,'2021-01-23 23:24:23'),('Inicio Sesion',13,'2021-01-25 00:06:09'),('Cierre Sesion',13,'2021-01-25 02:47:13'),('Inicio Sesion',4,'2021-01-26 00:41:57'),('Cierre Sesion',4,'2021-01-26 01:22:21'),('Inicio Sesion',42,'2021-01-27 09:05:50'),('Cierre Sesion',42,'2021-01-27 14:35:07'),('Inicio Sesion',41,'2021-01-29 04:43:19'),('Cierre Sesion',41,'2021-01-29 05:02:57'),('Inicio Sesion',23,'2021-01-29 07:13:46'),('Cierre Sesion',23,'2021-01-29 12:36:35'),('Inicio Sesion',16,'2021-02-12 21:14:28'),('Cierre Sesion',16,'2021-02-12 22:48:47'),('Inicio Sesion',37,'2021-03-03 10:32:16'),('Inicio Sesion',37,'2021-03-03 12:14:40'),('Cierre Sesion',37,'2021-03-03 14:13:52'),('Cierre Sesion',37,'2021-03-03 15:40:06'),('Inicio Sesion',23,'2021-03-07 03:21:13'),('Cierre Sesion',23,'2021-03-07 08:12:26'),('Inicio Sesion',19,'2021-03-07 19:31:29'),('Cierre Sesion',19,'2021-03-07 23:53:32'),('Inicio Sesion',28,'2021-03-12 21:44:57'),('Cierre Sesion',28,'2021-03-12 22:18:42'),('Inicio Sesion',47,'2021-03-13 02:26:03'),('Cierre Sesion',47,'2021-03-13 07:59:54'),('Inicio Sesion',46,'2021-03-17 11:54:36'),('Cierre Sesion',46,'2021-03-17 16:26:05'),('Inicio Sesion',31,'2021-04-03 08:16:54'),('Cierre Sesion',31,'2021-04-03 13:13:03'),('Cierre Sesion',29,'2021-04-04 03:41:46'),('Inicio Sesion',29,'2021-04-04 22:49:35'),('Cierre Sesion',42,'2021-04-06 01:59:43'),('Inicio Sesion',32,'2021-04-06 05:03:21'),('Cierre Sesion',32,'2021-04-06 08:21:07'),('Inicio Sesion',42,'2021-04-06 20:35:51'),('Cierre Sesion',11,'2021-04-09 00:16:53'),('Inicio Sesion',18,'2021-04-09 12:42:29'),('Cierre Sesion',18,'2021-04-09 15:15:59'),('Inicio Sesion',11,'2021-04-09 19:30:15'),('Inicio Sesion',6,'2021-04-12 02:17:38'),('Cierre Sesion',6,'2021-04-12 04:40:57'),('Cierre Sesion',46,'2021-04-13 00:41:17'),('Inicio Sesion',46,'2021-04-13 19:23:45'),('Inicio Sesion',12,'2021-04-14 18:39:14'),('Cierre Sesion',12,'2021-04-14 21:03:37'),('Inicio Sesion',27,'2021-04-15 14:38:00'),('Cierre Sesion',27,'2021-04-15 17:05:21'),('Inicio Sesion',17,'2021-04-19 07:06:53'),('Cierre Sesion',17,'2021-04-19 08:03:19'),('Inicio Sesion',47,'2021-04-20 03:01:07'),('Cierre Sesion',47,'2021-04-20 04:51:31'),('Inicio Sesion',1,'2021-04-24 06:03:02'),('Cierre Sesion',1,'2021-04-24 11:22:12'),('Inicio Sesion',39,'2021-04-24 20:19:26'),('Cierre Sesion',39,'2021-04-24 21:24:27'),('Inicio Sesion',41,'2021-04-27 10:51:54'),('Cierre Sesion',41,'2021-04-27 11:43:13'),('Inicio Sesion',10,'2021-04-28 03:58:56'),('Cierre Sesion',10,'2021-04-28 05:44:12'),('Inicio Sesion',34,'2021-04-28 09:10:18'),('Cierre Sesion',34,'2021-04-28 10:22:25'),('Inicio Sesion',40,'2021-04-29 15:56:13'),('Cierre Sesion',40,'2021-04-29 17:59:14'),('Inicio Sesion',43,'2021-05-01 01:44:20'),('Cierre Sesion',43,'2021-05-01 04:12:21'),('Inicio Sesion',9,'2021-05-12 13:12:01'),('Cierre Sesion',9,'2021-05-12 16:24:30'),('Inicio Sesion',42,'2021-05-13 07:56:21'),('Cierre Sesion',42,'2021-05-13 12:26:20'),('Inicio Sesion',17,'2021-05-14 15:18:03'),('Cierre Sesion',17,'2021-05-14 18:48:44'),('Inicio Sesion',30,'2021-05-18 12:42:00'),('Cierre Sesion',30,'2021-05-18 16:53:40'),('Inicio Sesion',34,'2021-05-21 00:22:33'),('Cierre Sesion',34,'2021-05-21 04:35:08'),('Inicio Sesion',6,'2021-05-27 03:26:57'),('Cierre Sesion',6,'2021-05-27 05:19:02'),('Inicio Sesion',22,'2021-05-28 18:05:56'),('Cierre Sesion',22,'2021-05-28 23:49:36'),('Inicio Sesion',32,'2021-05-29 15:11:44'),('Cierre Sesion',32,'2021-05-29 19:39:03'),('Cierre Sesion',26,'2021-05-30 01:08:41'),('Inicio Sesion',26,'2021-05-30 22:58:11'),('Inicio Sesion',29,'2021-06-03 02:51:45'),('Cierre Sesion',29,'2021-06-03 07:05:20'),('Inicio Sesion',11,'2021-06-10 03:58:09'),('Cierre Sesion',11,'2021-06-10 08:26:21'),('Inicio Sesion',37,'2021-06-15 07:54:32'),('Cierre Sesion',37,'2021-06-15 08:34:27'),('Inicio Sesion',25,'2021-06-18 16:04:05'),('Cierre Sesion',25,'2021-06-18 20:46:49'),('Cierre Sesion',9,'2021-06-22 01:18:06'),('Inicio Sesion',9,'2021-06-22 20:25:22'),('Inicio Sesion',23,'2021-06-29 15:24:49'),('Cierre Sesion',23,'2021-06-29 16:03:59'),('Cierre Sesion',17,'2021-07-01 01:47:55'),('Inicio Sesion',17,'2021-07-01 22:45:24'),('Inicio Sesion',49,'2021-07-11 00:22:41'),('Cierre Sesion',49,'2021-07-11 02:00:33'),('Inicio Sesion',20,'2021-07-11 17:50:41'),('Cierre Sesion',20,'2021-07-11 19:54:17'),('Inicio Sesion',6,'2021-07-12 04:01:32'),('Cierre Sesion',6,'2021-07-12 07:49:04'),('Inicio Sesion',26,'2021-07-23 05:27:14'),('Cierre Sesion',26,'2021-07-23 09:17:17'),('Inicio Sesion',27,'2021-07-29 16:55:19'),('Cierre Sesion',27,'2021-07-29 18:33:31'),('Inicio Sesion',38,'2021-08-08 16:25:34'),('Cierre Sesion',38,'2021-08-08 18:29:04'),('Inicio Sesion',37,'2021-08-09 09:02:12'),('Cierre Sesion',37,'2021-08-09 12:31:16'),('Inicio Sesion',47,'2021-08-09 14:48:58'),('Cierre Sesion',47,'2021-08-09 18:30:26'),('Inicio Sesion',2,'2021-08-10 07:45:56'),('Cierre Sesion',2,'2021-08-10 12:46:43'),('Inicio Sesion',9,'2021-08-11 04:10:40'),('Cierre Sesion',9,'2021-08-11 05:32:29'),('Inicio Sesion',50,'2021-08-14 02:56:08'),('Cierre Sesion',50,'2021-08-14 07:43:38'),('Inicio Sesion',23,'2021-08-18 19:12:50'),('Cierre Sesion',23,'2021-08-18 21:43:26'),('Inicio Sesion',1,'2021-08-20 12:16:15'),('Cierre Sesion',1,'2021-08-20 17:55:16'),('Inicio Sesion',27,'2021-08-29 08:04:06'),('Cierre Sesion',27,'2021-08-29 13:56:49'),('Inicio Sesion',48,'2021-09-05 12:37:12'),('Cierre Sesion',48,'2021-09-05 17:33:04'),('Inicio Sesion',16,'2021-09-07 03:12:51'),('Cierre Sesion',16,'2021-09-07 08:43:57'),('Inicio Sesion',17,'2021-09-12 10:20:08'),('Cierre Sesion',17,'2021-09-12 14:20:51'),('Inicio Sesion',19,'2021-09-12 18:23:47'),('Cierre Sesion',19,'2021-09-12 20:02:57'),('Inicio Sesion',31,'2021-09-15 09:55:21'),('Cierre Sesion',31,'2021-09-15 12:54:53'),('Inicio Sesion',22,'2021-09-22 00:57:12'),('Cierre Sesion',22,'2021-09-22 03:58:05'),('Inicio Sesion',2,'2021-09-22 10:50:29'),('Cierre Sesion',2,'2021-09-22 14:19:38'),('Inicio Sesion',47,'2021-09-23 19:33:12'),('Cierre Sesion',47,'2021-09-23 20:20:15'),('Inicio Sesion',16,'2021-09-28 00:31:29'),('Cierre Sesion',16,'2021-09-28 04:59:08'),('Inicio Sesion',27,'2021-10-04 10:55:16'),('Cierre Sesion',27,'2021-10-04 13:10:59'),('Inicio Sesion',19,'2021-10-07 16:00:14'),('Cierre Sesion',19,'2021-10-07 17:11:10'),('Cierre Sesion',48,'2021-10-11 00:38:30'),('Inicio Sesion',41,'2021-10-11 12:37:30'),('Cierre Sesion',41,'2021-10-11 16:13:47'),('Inicio Sesion',48,'2021-10-11 23:09:00'),('Inicio Sesion',17,'2021-10-15 08:21:18'),('Cierre Sesion',17,'2021-10-15 10:27:36'),('Inicio Sesion',38,'2021-10-20 08:57:57'),('Cierre Sesion',38,'2021-10-20 09:18:46'),('Inicio Sesion',40,'2021-10-22 12:11:45'),('Cierre Sesion',40,'2021-10-22 16:16:42'),('Inicio Sesion',4,'2021-10-30 20:11:39'),('Cierre Sesion',4,'2021-10-30 22:45:16'),('Cierre Sesion',47,'2021-11-03 03:48:05'),('Inicio Sesion',47,'2021-11-03 23:59:30'),('Cierre Sesion',18,'2021-11-04 00:06:48'),('Inicio Sesion',18,'2021-11-04 19:23:12'),('Inicio Sesion',43,'2021-11-07 20:33:04'),('Cierre Sesion',43,'2021-11-07 22:37:19'),('Inicio Sesion',49,'2021-11-08 03:06:06'),('Cierre Sesion',49,'2021-11-08 04:45:07'),('Inicio Sesion',39,'2021-11-11 00:25:30'),('Cierre Sesion',39,'2021-11-11 02:48:48'),('Inicio Sesion',19,'2021-11-13 05:43:58'),('Cierre Sesion',19,'2021-11-13 09:35:29'),('Inicio Sesion',1,'2021-11-13 20:23:42'),('Cierre Sesion',1,'2021-11-13 22:51:18'),('Inicio Sesion',6,'2021-11-19 16:02:00'),('Inicio Sesion',2,'2021-11-19 16:10:20'),('Cierre Sesion',6,'2021-11-19 19:01:56'),('Cierre Sesion',2,'2021-11-19 20:50:48'),('Cierre Sesion',49,'2021-11-21 01:31:18'),('Inicio Sesion',49,'2021-11-21 20:25:22'),('Cierre Sesion',14,'2021-11-28 01:17:25'),('Inicio Sesion',14,'2021-11-28 22:29:41'),('Inicio Sesion',38,'2021-12-02 04:00:44'),('Cierre Sesion',38,'2021-12-02 07:28:47'),('Inicio Sesion',4,'2021-12-17 21:03:38'),('Cierre Sesion',4,'2021-12-17 23:29:09'),('Inicio Sesion',7,'2021-12-18 17:15:39'),('Cierre Sesion',7,'2021-12-18 22:33:15'),('Inicio Sesion',45,'2021-12-19 14:05:03'),('Cierre Sesion',45,'2021-12-19 19:51:47'),('Inicio Sesion',16,'2021-12-20 00:02:54'),('Cierre Sesion',16,'2021-12-20 03:39:58'),('Inicio Sesion',25,'2021-12-21 16:39:51'),('Cierre Sesion',25,'2021-12-21 20:01:38'),('Inicio Sesion',36,'2021-12-28 09:30:11'),('Cierre Sesion',36,'2021-12-28 10:46:25'),('Cierre Sesion',41,'2022-01-02 01:34:05'),('Inicio Sesion',9,'2022-01-02 02:16:42'),('Cierre Sesion',9,'2022-01-02 04:40:50'),('Inicio Sesion',41,'2022-01-02 21:25:29'),('Inicio Sesion',30,'2022-01-04 14:24:05'),('Cierre Sesion',30,'2022-01-04 19:49:16'),('Inicio Sesion',15,'2022-01-06 06:31:27'),('Cierre Sesion',15,'2022-01-06 07:21:27'),('Inicio Sesion',32,'2022-01-07 13:01:41'),('Inicio Sesion',12,'2022-01-07 14:50:13'),('Cierre Sesion',32,'2022-01-07 17:12:44'),('Cierre Sesion',12,'2022-01-07 18:37:11'),('Inicio Sesion',28,'2022-01-20 14:34:12'),('Cierre Sesion',28,'2022-01-20 19:22:45'),('Inicio Sesion',22,'2022-01-24 20:43:55'),('Cierre Sesion',22,'2022-01-24 23:26:23'),('Inicio Sesion',44,'2022-01-25 03:22:20'),('Cierre Sesion',44,'2022-01-25 05:01:41'),('Inicio Sesion',22,'2022-02-03 03:36:42'),('Cierre Sesion',22,'2022-02-03 04:29:36'),('Inicio Sesion',41,'2022-02-04 15:36:12'),('Cierre Sesion',41,'2022-02-04 16:33:30'),('Inicio Sesion',45,'2022-02-08 17:34:03'),('Cierre Sesion',45,'2022-02-08 20:15:39'),('Inicio Sesion',5,'2022-02-11 14:19:34'),('Cierre Sesion',5,'2022-02-11 15:46:01'),('Inicio Sesion',22,'2022-02-17 19:25:01'),('Cierre Sesion',22,'2022-02-17 20:42:13'),('Inicio Sesion',39,'2022-02-19 06:30:17'),('Cierre Sesion',39,'2022-02-19 07:36:43'),('Inicio Sesion',13,'2022-02-23 13:03:51'),('Cierre Sesion',13,'2022-02-23 18:46:50'),('Inicio Sesion',21,'2022-02-27 12:32:51'),('Cierre Sesion',21,'2022-02-27 15:55:46'),('Inicio Sesion',46,'2022-03-01 14:55:16'),('Cierre Sesion',46,'2022-03-01 19:50:05'),('Inicio Sesion',17,'2022-03-09 12:30:24'),('Cierre Sesion',17,'2022-03-09 13:51:25'),('Inicio Sesion',49,'2022-03-09 16:43:57'),('Inicio Sesion',11,'2022-03-09 18:00:02'),('Cierre Sesion',49,'2022-03-09 18:30:46'),('Cierre Sesion',11,'2022-03-09 19:56:59'),('Cierre Sesion',4,'2022-03-12 01:07:35'),('Inicio Sesion',4,'2022-03-12 20:20:16'),('Inicio Sesion',18,'2022-03-13 05:33:04'),('Cierre Sesion',18,'2022-03-13 06:52:05'),('Inicio Sesion',4,'2022-04-02 18:48:01'),('Cierre Sesion',4,'2022-04-02 20:23:23'),('Inicio Sesion',11,'2022-04-03 08:13:00'),('Cierre Sesion',11,'2022-04-03 11:05:18'),('Inicio Sesion',49,'2022-04-04 13:59:08'),('Cierre Sesion',49,'2022-04-04 15:23:16'),('Inicio Sesion',45,'2022-04-07 15:46:57'),('Cierre Sesion',45,'2022-04-07 20:30:24'),('Inicio Sesion',31,'2022-04-13 18:48:56'),('Cierre Sesion',31,'2022-04-13 22:48:56'),('Inicio Sesion',34,'2022-04-15 14:36:09'),('Cierre Sesion',34,'2022-04-15 19:54:26'),('Inicio Sesion',10,'2022-04-19 04:01:02'),('Cierre Sesion',10,'2022-04-19 05:26:31'),('Inicio Sesion',7,'2022-04-20 10:20:19'),('Cierre Sesion',7,'2022-04-20 11:47:02'),('Inicio Sesion',21,'2022-04-22 09:45:00'),('Cierre Sesion',21,'2022-04-22 11:14:41'),('Inicio Sesion',19,'2022-04-23 05:45:19'),('Cierre Sesion',19,'2022-04-23 06:41:30'),('Inicio Sesion',26,'2022-04-24 11:00:08'),('Cierre Sesion',26,'2022-04-24 14:47:53'),('Inicio Sesion',10,'2022-04-26 09:47:36'),('Cierre Sesion',10,'2022-04-26 10:42:36'),('Cierre Sesion',16,'2022-05-06 00:03:42'),('Inicio Sesion',16,'2022-05-06 22:10:48'),('Inicio Sesion',32,'2022-05-09 02:24:56'),('Cierre Sesion',32,'2022-05-09 04:24:18'),('Inicio Sesion',43,'2022-05-14 05:26:45'),('Cierre Sesion',43,'2022-05-14 08:49:55'),('Inicio Sesion',9,'2022-05-20 15:08:16'),('Cierre Sesion',9,'2022-05-20 19:50:58'),('Inicio Sesion',42,'2022-05-23 03:19:48'),('Cierre Sesion',42,'2022-05-23 08:05:58'),('Cierre Sesion',33,'2022-05-26 00:45:45'),('Inicio Sesion',33,'2022-05-26 19:01:12'),('Inicio Sesion',17,'2022-05-28 10:51:55'),('Cierre Sesion',17,'2022-05-28 12:04:19'),('Inicio Sesion',47,'2022-05-30 16:27:12'),('Cierre Sesion',47,'2022-05-30 19:27:56'),('Cierre Sesion',20,'2022-06-03 01:19:56'),('Inicio Sesion',20,'2022-06-03 21:41:10'),('Inicio Sesion',12,'2022-06-05 04:48:17'),('Cierre Sesion',12,'2022-06-05 09:56:13'),('Inicio Sesion',29,'2022-06-11 19:25:17'),('Cierre Sesion',29,'2022-06-11 22:52:09'),('Inicio Sesion',50,'2022-06-13 08:12:47'),('Cierre Sesion',50,'2022-06-13 09:33:14'),('Inicio Sesion',28,'2022-06-16 00:15:40'),('Cierre Sesion',28,'2022-06-16 02:26:34'),('Inicio Sesion',28,'2022-06-20 21:23:15'),('Cierre Sesion',28,'2022-06-20 23:51:10'),('Inicio Sesion',40,'2022-06-30 09:08:16'),('Cierre Sesion',40,'2022-06-30 13:59:08'),('Inicio Sesion',8,'2022-07-01 07:21:32'),('Cierre Sesion',8,'2022-07-01 10:04:27'),('Cierre Sesion',10,'2022-07-03 01:51:21'),('Inicio Sesion',10,'2022-07-03 20:07:13'),('Inicio Sesion',36,'2022-07-05 15:51:31'),('Cierre Sesion',36,'2022-07-05 17:19:16'),('Inicio Sesion',29,'2022-07-05 18:51:33'),('Cierre Sesion',29,'2022-07-05 19:55:48'),('Inicio Sesion',49,'2022-07-07 06:59:53'),('Cierre Sesion',49,'2022-07-07 07:40:10'),('Inicio Sesion',49,'2022-07-15 10:53:35'),('Cierre Sesion',49,'2022-07-15 13:44:50'),('Inicio Sesion',6,'2022-07-15 14:19:55'),('Cierre Sesion',6,'2022-07-15 17:06:30'),('Cierre Sesion',31,'2022-07-16 00:51:16'),('Inicio Sesion',31,'2022-07-16 19:04:09'),('Inicio Sesion',34,'2022-07-22 20:24:35'),('Cierre Sesion',34,'2022-07-22 23:25:05'),('Inicio Sesion',38,'2022-07-23 10:11:52'),('Cierre Sesion',38,'2022-07-23 12:03:34'),('Cierre Sesion',2,'2022-07-26 03:40:51'),('Inicio Sesion',2,'2022-07-26 22:16:28'),('Inicio Sesion',21,'2022-07-27 09:35:01'),('Cierre Sesion',21,'2022-07-27 10:13:03'),('Cierre Sesion',19,'2022-07-28 01:43:25'),('Inicio Sesion',19,'2022-07-28 20:49:49'),('Inicio Sesion',3,'2022-07-29 19:13:06'),('Cierre Sesion',3,'2022-07-29 21:15:34'),('Inicio Sesion',13,'2022-07-30 15:27:34'),('Cierre Sesion',13,'2022-07-30 19:27:06'),('Inicio Sesion',40,'2022-08-05 04:34:43'),('Cierre Sesion',40,'2022-08-05 09:46:23'),('Inicio Sesion',32,'2022-08-13 16:14:41'),('Cierre Sesion',32,'2022-08-13 17:19:50'),('Inicio Sesion',37,'2022-08-28 12:31:45'),('Inicio Sesion',42,'2022-08-28 13:12:24'),('Cierre Sesion',37,'2022-08-28 15:08:34'),('Cierre Sesion',42,'2022-08-28 15:17:31'),('Inicio Sesion',14,'2022-09-08 13:07:06'),('Cierre Sesion',14,'2022-09-08 17:45:55'),('Inicio Sesion',20,'2022-09-08 18:39:43'),('Cierre Sesion',20,'2022-09-08 20:24:17'),('Cierre Sesion',21,'2022-09-12 01:34:44'),('Inicio Sesion',3,'2022-09-12 07:19:27'),('Cierre Sesion',3,'2022-09-12 08:39:53'),('Inicio Sesion',21,'2022-09-12 23:44:15'),('Inicio Sesion',5,'2022-09-18 18:35:36'),('Cierre Sesion',5,'2022-09-18 23:24:43'),('Inicio Sesion',11,'2022-09-19 11:01:06'),('Cierre Sesion',11,'2022-09-19 12:57:09'),('Inicio Sesion',1,'2022-09-25 17:37:15'),('Cierre Sesion',1,'2022-09-25 18:00:43'),('Inicio Sesion',43,'2022-09-25 18:59:16'),('Inicio Sesion',10,'2022-09-25 19:07:51'),('Cierre Sesion',43,'2022-09-25 20:07:40'),('Cierre Sesion',10,'2022-09-25 20:34:50'),('Cierre Sesion',17,'2022-09-26 02:35:38'),('Inicio Sesion',18,'2022-09-26 04:07:31'),('Cierre Sesion',18,'2022-09-26 09:48:47'),('Inicio Sesion',17,'2022-09-26 22:45:59'),('Inicio Sesion',23,'2022-10-04 08:21:35'),('Cierre Sesion',23,'2022-10-04 10:19:22'),('Cierre Sesion',26,'2022-10-12 01:49:45'),('Inicio Sesion',26,'2022-10-12 21:04:23'),('Inicio Sesion',15,'2022-10-13 05:14:25'),('Cierre Sesion',15,'2022-10-13 08:03:24'),('Inicio Sesion',50,'2022-10-15 14:40:14'),('Cierre Sesion',50,'2022-10-15 16:49:54'),('Inicio Sesion',4,'2022-10-15 16:50:56'),('Cierre Sesion',4,'2022-10-15 21:43:32'),('Inicio Sesion',37,'2022-10-20 01:26:06'),('Cierre Sesion',37,'2022-10-20 05:39:13'),('Inicio Sesion',40,'2022-10-20 17:52:44'),('Cierre Sesion',40,'2022-10-20 19:27:21'),('Inicio Sesion',45,'2022-10-23 08:40:13'),('Cierre Sesion',45,'2022-10-23 09:22:28'),('Inicio Sesion',38,'2022-10-24 03:32:36'),('Cierre Sesion',38,'2022-10-24 05:52:36'),('Inicio Sesion',21,'2022-10-25 03:53:12'),('Cierre Sesion',21,'2022-10-25 07:30:12'),('Inicio Sesion',46,'2022-10-28 20:49:21'),('Cierre Sesion',46,'2022-10-28 22:57:36'),('Cierre Sesion',22,'2022-11-06 02:21:56'),('Inicio Sesion',22,'2022-11-06 22:11:05'),('Inicio Sesion',17,'2022-11-10 12:32:32'),('Inicio Sesion',47,'2022-11-10 14:57:34'),('Cierre Sesion',47,'2022-11-10 17:00:02'),('Cierre Sesion',17,'2022-11-10 17:26:05'),('Inicio Sesion',46,'2022-11-14 08:49:56'),('Cierre Sesion',46,'2022-11-14 13:10:55'),('Inicio Sesion',21,'2022-11-18 21:40:48'),('Cierre Sesion',21,'2022-11-18 22:37:46'),('Inicio Sesion',2,'2022-11-21 02:40:42'),('Cierre Sesion',2,'2022-11-21 05:21:54'),('Inicio Sesion',41,'2022-11-22 19:24:18'),('Cierre Sesion',41,'2022-11-22 22:44:01'),('Inicio Sesion',33,'2022-12-04 12:11:33'),('Cierre Sesion',33,'2022-12-04 13:27:18'),('Inicio Sesion',33,'2022-12-18 10:56:42'),('Cierre Sesion',33,'2022-12-18 15:18:34');
/*!40000 ALTER TABLE `Logs` ENABLE KEYS */;
UNLOCK TABLES;

--
-- Table structure for table `Productos`
--

DROP TABLE IF EXISTS `Productos`;
/*!40101 SET @saved_cs_client     = @@character_set_client */;
/*!50503 SET character_set_client = utf8mb4 */;
CREATE TABLE `Productos` (
  `Producto` text CHARACTER SET utf8mb3 COLLATE utf8mb3_unicode_ci,
  `Descripcion` text CHARACTER SET utf8mb3 COLLATE utf8mb3_unicode_ci,
  `Precio` text CHARACTER SET utf8mb3 COLLATE utf8mb3_unicode_ci,
  `Stock` int DEFAULT NULL,
  `Categoria` text CHARACTER SET utf8mb3 COLLATE utf8mb3_unicode_ci
) ENGINE=InnoDB DEFAULT CHARSET=utf8mb3 COLLATE=utf8mb3_unicode_ci;
/*!40101 SET character_set_client = @saved_cs_client */;

--
-- Dumping data for table `Productos`
--

LOCK TABLES `Productos` WRITE;
/*!40000 ALTER TABLE `Productos` DISABLE KEYS */;
INSERT INTO `Productos` VALUES ('P001','Laptop Dell XPS 13','153.23',29,'Ropa'),('P002','iPhone 13 Pro','762.58',97,'Ropa'),('P003','Samsung Galaxy Book Pro','429,09',86,'Electrnica'),('P004','Raspberry Pi 4','744.68',6,'Deportes'),('P005','Logitech MX Master 3 (ratn)','891.53',20,'Electrnica'),('P006','Oculus Quest 2 (gafas de realidad virtual)','886.37',51,'Ropa'),('P007','MacBook Air con chip M1','712.36',88,'Ropa'),('P008','Nvidia GeForce RTX 3080 (tarjeta grfica)','774.93',55,'Ropa'),('P009','Apple Watch Series 7','480.39',36,'Ropa'),('P010','Microsoft Surface Pro 7','473.17',67,'Deportes'),('P011','Sony WH-1000XM4 (auriculares con cancelacin de ruido)','461.83',98,'Ropa'),('P012','Intel Core i9-11900K (procesador)','674.8',78,'Ropa'),('P013','Google Pixel 6','99.57',10,'Deportes'),('P014','ASUS ROG Zephyrus G14 (laptop para juegos)','86.88',8,'Deportes'),('P015','Fitbit Charge 5 (rastreador de fitness)','590.6',57,'Hogar'),('P016','Amazon Echo Dot (altavoz inteligente)','476,96',51,'Deportes'),('P017','DJI Mavic Air 2 (dron)','626.62',69,'Ropa'),('P018','HP Spectre x360 (laptop convertible)','329.69',97,'Ropa'),('P019','AMD Ryzen 9 5900X (procesador)','282.59',96,'Ropa'),('P020','iPad Pro (2021)','149.85',22,'Ropa'),('P021','Logitech C920 (cmara web)','702.1',8,'Deportes'),('P022','Microsoft Xbox Series X','378.96',21,'Ropa'),('P023','Corsair K95 RGB Platinum XT (teclado mecnico)','127.06',28,'Electrnica'),('P024','Canon EOS R5 (cmara sin espejo)','917.86',86,'Hogar'),('P025','Lenovo ThinkPad X1 Carbon','975.63',56,'Deportes'),('P026','Anker PowerCore 26800 (batera externa)','522.55',5,'Ropa'),('P027','Xiaomi Mi Band 6 (pulsera de actividad)','761.92',62,'Electrnica'),('P028','Alienware Aurora R12 (PC para juegos)','785.55',58,'Hogar'),('P029','Samsung Odyssey G9 (monitor gaming)','269.25',64,'Electrnica'),('P030','Apple Mac mini con chip M1','31.78',98,'Ropa'),('P031','Sony A7 III (cmara sin espejo)','752.41',30,'Electrnica'),('P032','LG CX OLED (televisor)','38.33',26,'Deportes'),('P033','Logitech G Pro X (auriculares para gaming)','463.17',87,'Deportes'),('P034','HP Reverb G2 (auriculares de realidad virtual)','584.11',24,'Hogar'),('P035','Nintendo Switch OLED Model','867,51',69,'Hogar'),('P036','Dell UltraSharp U2720Q (monitor)','632.08',86,'Deportes'),('P037','Sonos Arc (barra de sonido)','686.34',29,'Hogar'),('P038','ASUS TUF Gaming VG279QM (monitor gaming)','391.36',50,'Electrnica'),('P039','Garmin Forerunner 945 (reloj deportivo)','138.5',10,'Hogar'),('P040','NVIDIA Shield TV Pro (dispositivo de transmisin)','772.32',76,'Ropa'),('P041','Elgato Stream Deck (controlador de transmisin)','33.41',35,'Ropa'),('P042','Microsoft Surface Laptop 4','138.54',86,'Deportes'),('P043','Seagate Backup Plus Portable (disco duro externo)','314.75',60,'Ropa'),('P044','Apple iPad mini (2021)','97.09',0,'Electrnica'),('P045','Razer Blade 15 (laptop para juegos)','366.55',57,'Ropa'),('P046','JBL Flip 5 (altavoz Bluetooth)','399.16',94,'Deportes'),('P047','AMD Radeon RX 6700 XT (tarjeta grfica)','97,62',69,'Ropa'),('P048','Lenovo Legion 7i (laptop para juegos)','806.29',75,'Ropa'),('P049','Fitbit Inspire 2 (rastreador de fitness)','188.5',43,'Deportes'),('P050','Logitech G502 HERO (ratn para gaming)','611.46',23,'Deportes');
/*!40000 ALTER TABLE `Productos` ENABLE KEYS */;
UNLOCK TABLES;

--
-- Table structure for table `Products`
--

DROP TABLE IF EXISTS `Products`;
/*!40101 SET @saved_cs_client     = @@character_set_client */;
/*!50503 SET character_set_client = utf8mb4 */;
CREATE TABLE `Products` (
  `Id` varchar(10) DEFAULT NULL,
  `Name` varchar(100) DEFAULT NULL,
  `Price` double DEFAULT NULL
) ENGINE=InnoDB DEFAULT CHARSET=utf8mb4 COLLATE=utf8mb4_0900_ai_ci;
/*!40101 SET character_set_client = @saved_cs_client */;

--
-- Dumping data for table `Products`
--

LOCK TABLES `Products` WRITE;
/*!40000 ALTER TABLE `Products` DISABLE KEYS */;
INSERT INTO `Products` VALUES ('P001','Laptop Dell XPS 13',153),('P002','iPhone 13 Pro',762),('P003','Samsung Galaxy Book Pro',429.09),('P004','Raspberry Pi 4',744),('P005','Logitech MX Master 3 (ratn)',891),('P006','Oculus Quest 2 (gafas de realidad virtual)',886),('P007','MacBook Air con chip M1',712),('P008','Nvidia GeForce RTX 3080 (tarjeta grfica)',774),('P009','Apple Watch Series 7',480),('P010','Microsoft Surface Pro 7',473),('P011','Sony WH-1000XM4 (auriculares con cancelacin de ruido)',461),('P012','Intel Core i9-11900K (procesador)',674),('P013','Google Pixel 6',99),('P014','ASUS ROG Zephyrus G14 (laptop para juegos)',86),('P015','Fitbit Charge 5 (rastreador de fitness)',590),('P016','Amazon Echo Dot (altavoz inteligente)',476.96),('P017','DJI Mavic Air 2 (dron)',626),('P018','HP Spectre x360 (laptop convertible)',329),('P019','AMD Ryzen 9 5900X (procesador)',282),('P020','iPad Pro (2021)',149),('P021','Logitech C920 (cmara web)',702),('P022','Microsoft Xbox Series X',378),('P023','Corsair K95 RGB Platinum XT (teclado mecnico)',127),('P024','Canon EOS R5 (cmara sin espejo)',917),('P025','Lenovo ThinkPad X1 Carbon',975),('P026','Anker PowerCore 26800 (batera externa)',522),('P027','Xiaomi Mi Band 6 (pulsera de actividad)',761),('P028','Alienware Aurora R12 (PC para juegos)',785),('P029','Samsung Odyssey G9 (monitor gaming)',269),('P030','Apple Mac mini con chip M1',31),('P031','Sony A7 III (cmara sin espejo)',752),('P032','LG CX OLED (televisor)',38),('P033','Logitech G Pro X (auriculares para gaming)',463),('P034','HP Reverb G2 (auriculares de realidad virtual)',584),('P035','Nintendo Switch OLED Model',867.51),('P036','Dell UltraSharp U2720Q (monitor)',632),('P037','Sonos Arc (barra de sonido)',686),('P038','ASUS TUF Gaming VG279QM (monitor gaming)',391),('P039','Garmin Forerunner 945 (reloj deportivo)',138),('P040','NVIDIA Shield TV Pro (dispositivo de transmisin)',772),('P041','Elgato Stream Deck (controlador de transmisin)',33),('P042','Microsoft Surface Laptop 4',138),('P043','Seagate Backup Plus Portable (disco duro externo)',314),('P044','Apple iPad mini (2021)',97),('P045','Razer Blade 15 (laptop para juegos)',366),('P046','JBL Flip 5 (altavoz Bluetooth)',399),('P047','AMD Radeon RX 6700 XT (tarjeta grfica)',97.62),('P048','Lenovo Legion 7i (laptop para juegos)',806),('P049','Fitbit Inspire 2 (rastreador de fitness)',188),('P050','Logitech G502 HERO (ratn para gaming)',611);
/*!40000 ALTER TABLE `Products` ENABLE KEYS */;
UNLOCK TABLES;

--
-- Table structure for table `Sales`
--

DROP TABLE IF EXISTS `Sales`;
/*!40101 SET @saved_cs_client     = @@character_set_client */;
/*!50503 SET character_set_client = utf8mb4 */;
CREATE TABLE `Sales` (
  `ProductId` varchar(10) DEFAULT NULL,
  `ClientId` int DEFAULT NULL,
  `EmployeeId` int DEFAULT NULL,
  `Date` datetime DEFAULT NULL,
  `Quantity` int DEFAULT NULL,
  `Benefit` int DEFAULT NULL,
  `AmountTotal` double DEFAULT NULL,
  `AmountBenefit` double DEFAULT NULL
) ENGINE=InnoDB DEFAULT CHARSET=utf8mb4 COLLATE=utf8mb4_0900_ai_ci;
/*!40101 SET character_set_client = @saved_cs_client */;

--
-- Dumping data for table `Sales`
--

LOCK TABLES `Sales` WRITE;
/*!40000 ALTER TABLE `Sales` DISABLE KEYS */;
INSERT INTO `Sales` VALUES ('P001',42,24,'2021-05-27 00:00:00',4,10,612,61.2),('P001',40,13,'2021-03-07 00:00:00',6,25,918,229.5),('P001',25,16,'2021-10-22 00:00:00',7,25,1071,267.75),('P001',49,3,'2022-11-15 00:00:00',7,25,1071,267.75),('P001',20,43,'2022-04-25 00:00:00',10,10,1530,153),('P001',5,3,'2022-09-25 00:00:00',5,10,765,76.5),('P002',21,43,'2021-11-17 00:00:00',10,10,7620,762),('P002',30,34,'2021-06-08 00:00:00',9,50,6858,3429),('P002',38,2,'2021-06-07 00:00:00',10,20,7620,1524),('P002',13,37,'2021-11-14 00:00:00',6,50,4572,2286),('P002',20,40,'2021-06-26 00:00:00',5,10,3810,381),('P002',7,41,'2022-11-08 00:00:00',5,20,3810,762),('P002',44,4,'2022-11-29 00:00:00',2,20,1524,304.8),('P002',39,30,'2022-12-15 00:00:00',4,25,3048,762),('P002',15,18,'2022-10-17 00:00:00',6,20,4572,914.4),('P002',4,6,'2022-02-10 00:00:00',8,50,6096,3048),('P002',42,30,'2022-08-09 00:00:00',8,20,6096,1219.2),('P003',25,15,'2021-12-13 00:00:00',10,10,4290.9,429.09),('P003',31,32,'2021-04-26 00:00:00',10,50,4290.9,2145.45),('P003',30,43,'2022-03-27 00:00:00',3,10,1287.27,128.73),('P003',28,25,'2022-07-04 00:00:00',6,25,2574.54,643.64),('P003',48,21,'2022-10-31 00:00:00',10,25,4290.9,1072.72),('P003',47,26,'2022-12-27 00:00:00',3,10,1287.27,128.73),('P003',3,36,'2022-08-28 00:00:00',3,50,1287.27,643.64),('P003',37,25,'2022-02-01 00:00:00',8,25,3432.72,858.18),('P003',24,7,'2022-10-04 00:00:00',8,25,3432.72,858.18),('P004',44,15,'2021-10-25 00:00:00',8,20,5952,1190.4),('P004',31,19,'2021-06-20 00:00:00',3,20,2232,446.4),('P004',3,10,'2021-05-26 00:00:00',10,10,7440,744),('P004',32,2,'2022-05-30 00:00:00',2,50,1488,744),('P005',30,42,'2021-01-29 00:00:00',4,20,3564,712.8),('P005',30,6,'2021-07-23 00:00:00',5,50,4455,2227.5),('P005',43,8,'2021-07-19 00:00:00',6,10,5346,534.6),('P005',33,2,'2021-08-04 00:00:00',7,50,6237,3118.5),('P005',6,18,'2021-03-15 00:00:00',5,25,4455,1113.75),('P005',13,24,'2022-12-25 00:00:00',5,50,4455,2227.5),('P005',43,47,'2022-09-22 00:00:00',5,50,4455,2227.5),('P005',45,44,'2022-01-18 00:00:00',10,10,8910,891),('P005',7,15,'2022-05-02 00:00:00',10,10,8910,891),('P005',40,1,'2022-04-18 00:00:00',4,25,3564,891),('P005',46,12,'2022-08-24 00:00:00',8,25,7128,1782),('P005',10,49,'2022-09-14 00:00:00',8,10,7128,712.8),('P006',33,43,'2021-03-24 00:00:00',9,50,7974,3987),('P006',46,50,'2021-05-22 00:00:00',7,10,6202,620.2),('P006',29,50,'2022-02-20 00:00:00',8,25,7088,1772),('P007',8,6,'2021-02-22 00:00:00',5,25,3560,890),('P007',25,26,'2021-01-14 00:00:00',3,25,2136,534),('P007',45,10,'2021-01-05 00:00:00',8,20,5696,1139.2),('P007',43,1,'2021-04-11 00:00:00',6,20,4272,854.4),('P007',17,10,'2021-09-03 00:00:00',3,10,2136,213.6),('P007',16,42,'2021-07-23 00:00:00',7,20,4984,996.8),('P007',7,32,'2021-11-12 00:00:00',10,20,7120,1424),('P007',18,4,'2022-04-24 00:00:00',9,10,6408,640.8),('P007',29,28,'2022-01-25 00:00:00',2,25,1424,356),('P007',22,27,'2022-02-04 00:00:00',3,10,2136,213.6),('P007',34,46,'2022-07-23 00:00:00',2,20,1424,284.8),('P007',3,31,'2022-04-06 00:00:00',9,10,6408,640.8),('P008',40,6,'2021-02-07 00:00:00',10,50,7740,3870),('P008',6,9,'2021-04-21 00:00:00',9,50,6966,3483),('P008',34,46,'2021-11-17 00:00:00',7,50,5418,2709),('P008',17,16,'2021-09-18 00:00:00',6,25,4644,1161),('P008',48,19,'2021-10-09 00:00:00',9,20,6966,1393.2),('P008',33,8,'2022-11-01 00:00:00',2,20,1548,309.6),('P008',31,25,'2022-10-02 00:00:00',3,50,2322,1161),('P008',21,18,'2022-01-06 00:00:00',1,25,774,193.5),('P008',8,48,'2022-10-07 00:00:00',9,10,6966,696.6),('P009',37,15,'2021-12-30 00:00:00',2,50,960,480),('P009',45,30,'2021-11-09 00:00:00',1,20,480,96),('P009',12,9,'2021-07-16 00:00:00',1,25,480,120),('P009',15,1,'2021-07-12 00:00:00',8,20,3840,768),('P009',13,35,'2022-04-29 00:00:00',8,25,3840,960),('P009',23,2,'2022-07-12 00:00:00',4,20,1920,384),('P009',21,5,'2022-08-27 00:00:00',1,25,480,120),('P009',14,17,'2022-03-31 00:00:00',4,10,1920,192),('P010',42,41,'2021-06-26 00:00:00',8,20,3784,756.8),('P010',40,12,'2021-05-28 00:00:00',1,10,473,47.3),('P010',8,29,'2021-04-21 00:00:00',5,25,2365,591.25),('P010',33,44,'2021-10-31 00:00:00',10,20,4730,946),('P010',3,21,'2022-03-08 00:00:00',9,20,4257,851.4),('P010',6,6,'2022-04-13 00:00:00',2,50,946,473),('P010',47,44,'2022-10-29 00:00:00',9,20,4257,851.4),('P010',2,24,'2022-05-27 00:00:00',1,10,473,47.3),('P010',18,21,'2022-01-14 00:00:00',10,50,4730,2365),('P011',37,26,'2021-04-19 00:00:00',4,50,1844,922),('P011',33,6,'2021-05-26 00:00:00',7,10,3227,322.7),('P011',33,7,'2022-09-04 00:00:00',7,25,3227,806.75),('P011',36,4,'2022-08-28 00:00:00',3,50,1383,691.5),('P011',41,8,'2022-03-04 00:00:00',9,50,4149,2074.5),('P011',14,50,'2022-12-28 00:00:00',10,25,4610,1152.5),('P012',26,13,'2021-04-26 00:00:00',4,20,2696,539.2),('P012',32,45,'2021-10-28 00:00:00',3,20,2022,404.4),('P012',3,17,'2021-03-19 00:00:00',6,50,4044,2022),('P012',49,7,'2021-06-07 00:00:00',1,50,674,337),('P012',29,20,'2022-05-16 00:00:00',8,25,5392,1348),('P013',20,34,'2021-06-01 00:00:00',2,50,198,99),('P013',28,46,'2021-03-14 00:00:00',2,20,198,39.6),('P013',23,9,'2021-12-19 00:00:00',9,20,891,178.2),('P013',23,26,'2021-04-21 00:00:00',2,50,198,99),('P013',14,32,'2022-07-18 00:00:00',8,50,792,396),('P013',33,46,'2022-01-28 00:00:00',1,25,99,24.75),('P013',2,3,'2022-08-14 00:00:00',3,20,297,59.4),('P013',23,14,'2022-08-07 00:00:00',4,10,396,39.6),('P013',12,16,'2022-01-28 00:00:00',8,10,792,79.2),('P013',45,1,'2022-06-06 00:00:00',3,50,297,148.5),('P014',18,44,'2021-11-07 00:00:00',5,10,430,43),('P014',5,42,'2021-10-13 00:00:00',8,20,688,137.6),('P014',45,22,'2021-04-11 00:00:00',4,20,344,68.8),('P014',11,37,'2021-08-11 00:00:00',4,50,344,172),('P014',21,48,'2021-12-23 00:00:00',5,50,430,215),('P015',39,36,'2021-03-01 00:00:00',5,10,2950,295),('P015',5,22,'2021-07-19 00:00:00',1,20,590,118),('P015',38,34,'2021-08-25 00:00:00',8,50,4720,2360),('P015',41,34,'2021-05-18 00:00:00',1,25,590,147.5),('P015',14,8,'2022-10-12 00:00:00',5,25,2950,737.5),('P015',35,23,'2022-02-01 00:00:00',1,25,590,147.5),('P015',4,40,'2022-05-22 00:00:00',3,50,1770,885),('P015',29,44,'2022-07-21 00:00:00',1,50,590,295),('P015',1,37,'2022-03-17 00:00:00',8,25,4720,1180),('P015',7,19,'2022-09-03 00:00:00',10,10,5900,590),('P015',36,8,'2022-04-17 00:00:00',9,50,5310,2655),('P016',40,15,'2021-08-18 00:00:00',7,10,3338.72,333.87),('P016',42,4,'2021-05-16 00:00:00',6,25,2861.76,715.44),('P016',14,5,'2021-12-09 00:00:00',10,50,4769.6,2384.8),('P016',3,39,'2021-11-22 00:00:00',3,10,1430.88,143.09),('P016',8,43,'2021-03-05 00:00:00',7,20,3338.72,667.74),('P016',38,36,'2021-02-22 00:00:00',5,20,2384.8,476.96),('P016',46,11,'2021-07-03 00:00:00',3,50,1430.88,715.44),('P016',32,2,'2022-04-23 00:00:00',1,10,476.96,47.7),('P016',24,36,'2022-11-15 00:00:00',7,10,3338.72,333.87),('P016',20,40,'2022-12-12 00:00:00',4,25,1907.84,476.96),('P016',38,10,'2022-10-07 00:00:00',9,50,4292.64,2146.32),('P016',5,45,'2022-05-13 00:00:00',5,10,2384.8,238.48),('P016',13,44,'2022-01-02 00:00:00',5,20,2384.8,476.96),('P017',2,44,'2021-04-30 00:00:00',7,20,4382,876.4),('P017',16,23,'2021-12-16 00:00:00',6,10,3756,375.6),('P017',41,12,'2021-07-25 00:00:00',7,10,4382,438.2),('P017',24,43,'2021-07-25 00:00:00',8,10,5008,500.8),('P017',45,45,'2022-03-06 00:00:00',7,50,4382,2191),('P017',34,32,'2022-12-14 00:00:00',9,25,5634,1408.5),('P017',5,42,'2022-11-21 00:00:00',10,20,6260,1252),('P017',15,17,'2022-05-17 00:00:00',8,10,5008,500.8),('P017',5,6,'2022-11-14 00:00:00',9,20,5634,1126.8),('P018',35,39,'2021-06-26 00:00:00',7,10,2303,230.3),('P018',48,44,'2021-04-25 00:00:00',2,25,658,164.5),('P018',50,24,'2021-10-14 00:00:00',10,50,3290,1645),('P018',5,24,'2021-10-17 00:00:00',7,50,2303,1151.5),('P018',19,27,'2022-04-03 00:00:00',3,25,987,246.75),('P018',34,43,'2022-02-09 00:00:00',1,10,329,32.9),('P018',2,3,'2022-01-28 00:00:00',2,10,658,65.8),('P018',2,13,'2022-01-17 00:00:00',3,25,987,246.75),('P018',42,20,'2022-02-19 00:00:00',7,25,2303,575.75),('P019',37,47,'2021-02-01 00:00:00',4,10,1128,112.8),('P019',26,9,'2021-08-17 00:00:00',10,50,2820,1410),('P019',12,40,'2021-05-14 00:00:00',7,10,1974,197.4),('P019',15,22,'2021-12-26 00:00:00',9,20,2538,507.6),('P019',27,32,'2021-01-09 00:00:00',8,25,2256,564),('P019',22,48,'2021-06-29 00:00:00',6,25,1692,423),('P019',7,30,'2022-05-03 00:00:00',4,10,1128,112.8),('P019',8,36,'2022-01-28 00:00:00',2,25,564,141),('P019',34,10,'2022-07-28 00:00:00',4,10,1128,112.8),('P019',34,47,'2022-05-27 00:00:00',10,25,2820,705),('P019',47,16,'2022-11-29 00:00:00',9,20,2538,507.6),('P019',22,22,'2022-08-21 00:00:00',1,20,282,56.4),('P020',47,38,'2021-05-21 00:00:00',2,50,298,149),('P020',11,35,'2021-12-09 00:00:00',9,10,1341,134.1),('P020',6,22,'2021-12-06 00:00:00',9,50,1341,670.5),('P020',42,23,'2021-03-18 00:00:00',10,20,1490,298),('P020',33,34,'2021-12-04 00:00:00',9,50,1341,670.5),('P020',34,25,'2022-11-23 00:00:00',6,10,894,89.4),('P020',11,27,'2022-05-29 00:00:00',10,10,1490,149),('P020',7,29,'2022-11-24 00:00:00',9,25,1341,335.25),('P020',8,42,'2022-12-24 00:00:00',10,50,1490,745),('P021',9,41,'2021-04-10 00:00:00',9,25,6318,1579.5),('P021',9,28,'2021-08-12 00:00:00',7,10,4914,491.4),('P021',22,48,'2021-09-04 00:00:00',10,10,7020,702),('P021',5,41,'2021-05-16 00:00:00',9,10,6318,631.8),('P021',9,11,'2021-01-14 00:00:00',3,10,2106,210.6),('P021',13,42,'2022-05-03 00:00:00',6,10,4212,421.2),('P021',13,18,'2022-10-19 00:00:00',2,20,1404,280.8),('P021',38,9,'2022-07-11 00:00:00',9,20,6318,1263.6),('P021',26,43,'2022-08-22 00:00:00',9,20,6318,1263.6),('P021',44,20,'2022-10-25 00:00:00',8,10,5616,561.6),('P021',19,23,'2022-08-10 00:00:00',8,50,5616,2808),('P022',14,32,'2021-04-04 00:00:00',3,50,1134,567),('P022',19,49,'2021-12-28 00:00:00',7,20,2646,529.2),('P022',35,19,'2021-02-21 00:00:00',5,50,1890,945),('P022',12,12,'2021-06-11 00:00:00',7,20,2646,529.2),('P022',8,30,'2022-10-11 00:00:00',1,10,378,37.8),('P022',14,39,'2022-03-10 00:00:00',6,20,2268,453.6),('P022',42,15,'2022-06-30 00:00:00',10,50,3780,1890),('P022',31,27,'2022-04-27 00:00:00',7,25,2646,661.5),('P022',21,41,'2022-10-13 00:00:00',6,50,2268,1134),('P023',13,6,'2021-03-17 00:00:00',7,50,889,444.5),('P023',18,33,'2021-11-25 00:00:00',8,20,1016,203.2),('P023',5,18,'2021-05-05 00:00:00',1,20,127,25.4),('P023',34,14,'2021-09-15 00:00:00',3,20,381,76.2),('P023',2,13,'2021-08-18 00:00:00',4,25,508,127),('P023',21,19,'2022-09-14 00:00:00',9,10,1143,114.3),('P023',35,4,'2022-10-26 00:00:00',2,50,254,127),('P023',28,16,'2022-12-14 00:00:00',5,50,635,317.5),('P024',34,8,'2021-06-16 00:00:00',10,25,9170,2292.5),('P024',15,29,'2021-07-10 00:00:00',3,20,2751,550.2),('P024',46,1,'2021-11-03 00:00:00',4,20,3668,733.6),('P024',34,39,'2021-04-15 00:00:00',2,50,1834,917),('P024',32,45,'2021-05-23 00:00:00',7,50,6419,3209.5),('P024',7,31,'2021-01-29 00:00:00',7,10,6419,641.9),('P024',20,46,'2022-05-11 00:00:00',1,10,917,91.7),('P024',26,41,'2022-10-03 00:00:00',2,25,1834,458.5),('P024',25,31,'2022-03-09 00:00:00',3,20,2751,550.2),('P024',1,18,'2022-04-14 00:00:00',9,10,8253,825.3),('P025',8,6,'2021-05-05 00:00:00',5,10,4875,487.5),('P025',29,29,'2021-11-27 00:00:00',6,50,5850,2925),('P025',43,39,'2022-09-08 00:00:00',4,10,3900,390),('P026',23,7,'2021-10-15 00:00:00',9,50,4698,2349),('P026',17,41,'2021-03-26 00:00:00',2,25,1044,261),('P026',40,46,'2021-12-22 00:00:00',4,50,2088,1044),('P026',3,23,'2022-09-12 00:00:00',6,25,3132,783),('P026',19,31,'2022-04-15 00:00:00',6,10,3132,313.2),('P026',43,3,'2022-06-15 00:00:00',5,50,2610,1305),('P026',42,4,'2022-04-28 00:00:00',6,50,3132,1566),('P026',14,43,'2022-12-13 00:00:00',9,20,4698,939.6),('P027',14,13,'2022-09-18 00:00:00',10,25,7610,1902.5),('P027',43,9,'2022-04-11 00:00:00',2,20,1522,304.4),('P028',44,5,'2021-08-25 00:00:00',4,10,3140,314),('P028',45,33,'2021-07-03 00:00:00',10,25,7850,1962.5),('P028',15,28,'2021-07-07 00:00:00',9,50,7065,3532.5),('P028',10,33,'2022-04-20 00:00:00',9,20,7065,1413),('P028',21,46,'2022-12-05 00:00:00',2,20,1570,314),('P028',47,1,'2022-04-28 00:00:00',8,10,6280,628),('P028',48,28,'2022-08-12 00:00:00',8,50,6280,3140),('P029',32,18,'2021-09-11 00:00:00',10,20,2690,538),('P029',33,14,'2021-09-16 00:00:00',3,50,807,403.5),('P029',36,14,'2021-09-27 00:00:00',4,20,1076,215.2),('P029',7,1,'2022-07-19 00:00:00',10,20,2690,538),('P029',19,20,'2022-09-30 00:00:00',10,10,2690,269),('P029',7,3,'2022-03-07 00:00:00',9,10,2421,242.1),('P029',24,11,'2022-10-02 00:00:00',3,50,807,403.5),('P030',34,24,'2021-07-22 00:00:00',5,25,155,38.75),('P030',40,36,'2021-05-03 00:00:00',4,25,124,31),('P030',16,24,'2021-12-15 00:00:00',10,50,310,155),('P030',23,34,'2021-08-15 00:00:00',1,20,31,6.2),('P030',25,18,'2021-10-23 00:00:00',2,20,62,12.4),('P030',38,41,'2021-02-16 00:00:00',1,25,31,7.75),('P030',50,37,'2022-03-06 00:00:00',1,25,31,7.75),('P030',44,16,'2022-07-27 00:00:00',10,50,310,155),('P030',37,7,'2022-08-28 00:00:00',10,50,310,155),('P031',46,33,'2021-09-20 00:00:00',4,25,3008,752),('P031',10,49,'2021-12-17 00:00:00',8,20,6016,1203.2),('P031',16,10,'2021-09-10 00:00:00',6,50,4512,2256),('P031',30,3,'2021-06-10 00:00:00',7,50,5264,2632),('P031',27,48,'2022-05-29 00:00:00',9,10,6768,676.8),('P031',30,7,'2022-08-26 00:00:00',6,25,4512,1128),('P031',32,29,'2022-08-07 00:00:00',3,50,2256,1128),('P031',10,20,'2022-07-02 00:00:00',4,20,3008,601.6),('P032',32,26,'2021-05-24 00:00:00',10,10,380,38),('P032',17,30,'2022-01-03 00:00:00',7,50,266,133),('P032',5,39,'2022-09-29 00:00:00',10,10,380,38),('P032',44,24,'2022-12-29 00:00:00',8,10,304,30.4),('P032',43,17,'2022-12-08 00:00:00',7,25,266,66.5),('P032',26,15,'2022-05-26 00:00:00',1,10,38,3.8),('P032',25,18,'2022-07-08 00:00:00',1,25,38,9.5),('P033',30,25,'2021-09-07 00:00:00',6,20,2778,555.6),('P033',16,19,'2021-08-18 00:00:00',3,10,1389,138.9),('P033',26,50,'2021-04-21 00:00:00',3,25,1389,347.25),('P033',45,36,'2022-01-19 00:00:00',4,20,1852,370.4),('P033',29,16,'2022-08-14 00:00:00',8,50,3704,1852),('P033',37,29,'2022-07-20 00:00:00',5,20,2315,463),('P033',17,12,'2022-11-08 00:00:00',1,50,463,231.5),('P034',17,35,'2021-03-13 00:00:00',10,50,5840,2920),('P034',9,39,'2021-09-07 00:00:00',4,20,2336,467.2),('P034',15,13,'2021-02-18 00:00:00',5,10,2920,292),('P034',20,42,'2021-08-25 00:00:00',4,25,2336,584),('P034',19,50,'2021-11-10 00:00:00',3,20,1752,350.4),('P034',47,38,'2021-09-11 00:00:00',9,50,5256,2628),('P034',39,21,'2021-09-24 00:00:00',5,50,2920,1460),('P034',12,30,'2021-03-27 00:00:00',9,10,5256,525.6),('P034',36,47,'2021-02-04 00:00:00',6,25,3504,876),('P034',25,24,'2022-07-19 00:00:00',4,10,2336,233.6),('P034',35,3,'2022-01-19 00:00:00',6,10,3504,350.4),('P034',25,28,'2022-10-03 00:00:00',6,10,3504,350.4),('P034',5,31,'2022-10-17 00:00:00',1,20,584,116.8),('P035',5,48,'2021-10-16 00:00:00',6,10,5205.06,520.51),('P035',17,45,'2021-02-23 00:00:00',3,20,2602.53,520.51),('P035',13,45,'2021-03-29 00:00:00',1,10,867.51,86.75),('P035',40,30,'2021-11-29 00:00:00',8,10,6940.08,694.01),('P035',30,27,'2021-11-07 00:00:00',7,20,6072.57,1214.51),('P035',39,42,'2021-06-10 00:00:00',1,25,867.51,216.88),('P035',28,13,'2022-12-06 00:00:00',3,20,2602.53,520.51),('P035',8,48,'2022-01-17 00:00:00',7,10,6072.57,607.26),('P035',24,1,'2022-10-19 00:00:00',6,50,5205.06,2602.53),('P036',12,13,'2021-04-01 00:00:00',7,20,4424,884.8),('P036',14,33,'2021-09-02 00:00:00',2,25,1264,316),('P036',21,24,'2021-07-26 00:00:00',8,50,5056,2528),('P036',35,30,'2022-02-28 00:00:00',8,20,5056,1011.2),('P036',7,40,'2022-08-17 00:00:00',8,20,5056,1011.2),('P037',20,8,'2021-02-12 00:00:00',2,25,1372,343),('P037',38,47,'2021-04-18 00:00:00',8,10,5488,548.8),('P037',41,49,'2021-09-19 00:00:00',5,10,3430,343),('P037',1,10,'2021-08-22 00:00:00',7,20,4802,960.4),('P037',25,12,'2021-08-07 00:00:00',10,25,6860,1715),('P037',41,50,'2021-09-28 00:00:00',2,50,1372,686),('P037',25,37,'2021-10-06 00:00:00',1,10,686,68.6),('P037',47,43,'2022-10-10 00:00:00',9,20,6174,1234.8),('P037',45,32,'2022-02-13 00:00:00',8,50,5488,2744),('P037',34,9,'2022-10-28 00:00:00',2,50,1372,686),('P037',5,10,'2022-11-07 00:00:00',4,20,2744,548.8),('P037',37,39,'2022-03-02 00:00:00',2,25,1372,343),('P037',36,28,'2022-03-01 00:00:00',5,25,3430,857.5),('P038',24,23,'2021-10-19 00:00:00',1,20,391,78.2),('P038',48,1,'2021-06-24 00:00:00',7,20,2737,547.4),('P038',21,20,'2021-10-09 00:00:00',8,20,3128,625.6),('P038',27,26,'2021-09-06 00:00:00',10,10,3910,391),('P038',45,39,'2022-08-05 00:00:00',7,10,2737,273.7),('P038',38,44,'2022-01-21 00:00:00',1,25,391,97.75),('P039',45,10,'2021-04-14 00:00:00',9,10,1242,124.2),('P039',26,37,'2021-02-12 00:00:00',10,25,1380,345),('P039',48,10,'2021-08-28 00:00:00',7,10,966,96.6),('P039',39,28,'2021-03-17 00:00:00',4,10,552,55.2),('P039',48,30,'2022-09-18 00:00:00',6,20,828,165.6),('P039',29,25,'2022-08-10 00:00:00',2,20,276,55.2),('P039',47,7,'2022-12-08 00:00:00',10,10,1380,138),('P039',11,23,'2022-12-06 00:00:00',10,50,1380,690),('P040',10,40,'2021-03-22 00:00:00',1,50,772,386),('P040',41,35,'2021-10-13 00:00:00',1,50,772,386),('P040',41,17,'2021-10-31 00:00:00',7,10,5404,540.4),('P040',26,25,'2022-03-17 00:00:00',4,20,3088,617.6),('P040',49,5,'2022-11-01 00:00:00',5,25,3860,965),('P040',36,40,'2022-06-09 00:00:00',4,10,3088,308.8),('P040',46,47,'2022-11-25 00:00:00',3,25,2316,579),('P040',30,36,'2022-07-31 00:00:00',4,25,3088,772),('P040',6,33,'2022-10-22 00:00:00',9,20,6948,1389.6),('P041',26,32,'2021-11-22 00:00:00',4,25,132,33),('P041',14,6,'2021-10-27 00:00:00',8,10,264,26.4),('P041',11,33,'2022-08-12 00:00:00',8,20,264,52.8),('P041',33,24,'2022-07-14 00:00:00',7,20,231,46.2),('P041',5,9,'2022-03-14 00:00:00',10,10,330,33),('P041',28,10,'2022-10-04 00:00:00',2,10,66,6.6),('P042',19,12,'2021-02-04 00:00:00',8,20,1104,220.8),('P042',26,22,'2021-12-08 00:00:00',4,10,552,55.2),('P042',44,1,'2021-02-07 00:00:00',4,20,552,110.4),('P042',26,14,'2021-05-08 00:00:00',5,50,690,345),('P042',44,39,'2021-12-01 00:00:00',9,25,1242,310.5),('P042',37,38,'2021-10-14 00:00:00',6,50,828,414),('P042',10,31,'2021-01-28 00:00:00',2,20,276,55.2),('P042',3,13,'2022-10-18 00:00:00',3,25,414,103.5),('P042',12,5,'2022-05-13 00:00:00',3,50,414,207),('P042',16,41,'2022-01-19 00:00:00',9,10,1242,124.2),('P042',5,35,'2022-12-18 00:00:00',2,50,276,138),('P043',47,23,'2021-04-03 00:00:00',6,10,1884,188.4),('P043',45,9,'2021-09-29 00:00:00',2,20,628,125.6),('P043',17,21,'2022-08-22 00:00:00',8,50,2512,1256),('P043',31,10,'2022-11-23 00:00:00',8,20,2512,502.4),('P043',8,30,'2022-04-23 00:00:00',1,10,314,31.4),('P044',30,8,'2021-12-30 00:00:00',5,20,485,97),('P044',26,49,'2021-10-04 00:00:00',8,20,776,155.2),('P044',37,3,'2021-09-02 00:00:00',2,10,194,19.4),('P044',15,11,'2022-06-20 00:00:00',7,10,679,67.9),('P044',41,18,'2022-12-22 00:00:00',4,10,388,38.8),('P044',18,1,'2022-07-03 00:00:00',6,10,582,58.2),('P045',8,1,'2021-07-17 00:00:00',5,25,1830,457.5),('P045',16,2,'2021-12-31 00:00:00',5,10,1830,183),('P045',40,28,'2022-02-10 00:00:00',10,25,3660,915),('P045',23,27,'2022-02-02 00:00:00',10,50,3660,1830),('P045',40,25,'2022-06-24 00:00:00',6,10,2196,219.6),('P045',31,14,'2022-09-17 00:00:00',8,10,2928,292.8),('P046',17,4,'2021-06-01 00:00:00',3,25,1197,299.25),('P046',35,11,'2021-06-12 00:00:00',1,25,399,99.75),('P046',16,25,'2021-12-04 00:00:00',9,20,3591,718.2),('P046',5,24,'2021-02-10 00:00:00',6,20,2394,478.8),('P046',14,22,'2021-12-04 00:00:00',4,10,1596,159.6),('P046',46,3,'2022-12-01 00:00:00',4,20,1596,319.2),('P046',17,20,'2022-09-19 00:00:00',1,25,399,99.75),('P047',35,12,'2021-11-14 00:00:00',8,20,780.96,156.19),('P047',37,41,'2021-11-30 00:00:00',7,20,683.34,136.67),('P047',33,41,'2022-08-24 00:00:00',1,50,97.62,48.81),('P047',19,35,'2022-06-29 00:00:00',5,10,488.1,48.81),('P047',19,10,'2022-10-30 00:00:00',2,25,195.24,48.81),('P048',27,44,'2021-08-29 00:00:00',6,10,4836,483.6),('P048',24,41,'2021-09-09 00:00:00',5,50,4030,2015),('P048',29,25,'2021-09-29 00:00:00',2,20,1612,322.4),('P049',13,11,'2021-11-06 00:00:00',8,20,1504,300.8),('P049',6,46,'2021-03-31 00:00:00',8,25,1504,376),('P049',9,17,'2021-08-24 00:00:00',7,10,1316,131.6),('P049',17,14,'2022-06-23 00:00:00',6,25,1128,282),('P049',11,24,'2022-11-25 00:00:00',1,25,188,47),('P049',23,8,'2022-09-27 00:00:00',4,50,752,376),('P049',42,16,'2022-06-14 00:00:00',7,20,1316,263.2),('P050',32,14,'2021-02-24 00:00:00',5,20,3055,611),('P050',48,34,'2021-09-02 00:00:00',6,25,3666,916.5),('P050',14,27,'2021-03-21 00:00:00',5,50,3055,1527.5),('P050',14,31,'2021-03-30 00:00:00',1,10,611,61.1),('P050',16,31,'2021-12-15 00:00:00',1,50,611,305.5),('P050',14,39,'2022-03-31 00:00:00',9,25,5499,1374.75),('P050',28,22,'2022-02-18 00:00:00',6,25,3666,916.5),('P050',16,25,'2022-07-27 00:00:00',5,25,3055,763.75),('P050',47,22,'2022-08-27 00:00:00',1,10,611,61.1),('P050',35,34,'2022-06-19 00:00:00',10,50,6110,3055),('P050',2,7,'2022-11-09 00:00:00',4,25,2444,611),('P050',6,23,'2022-03-04 00:00:00',4,20,2444,488.8),('P050',29,24,'2022-05-02 00:00:00',3,25,1833,458.25);
/*!40000 ALTER TABLE `Sales` ENABLE KEYS */;
UNLOCK TABLES;

--
-- Table structure for table `Shifts`
--

DROP TABLE IF EXISTS `Shifts`;
/*!40101 SET @saved_cs_client     = @@character_set_client */;
/*!50503 SET character_set_client = utf8mb4 */;
CREATE TABLE `Shifts` (
  `EmployeeId` int DEFAULT NULL,
  `Day` datetime DEFAULT NULL,
  `ShiftDuration` double DEFAULT NULL
) ENGINE=InnoDB DEFAULT CHARSET=utf8mb4 COLLATE=utf8mb4_0900_ai_ci;
/*!40101 SET character_set_client = @saved_cs_client */;

--
-- Dumping data for table `Shifts`
--

LOCK TABLES `Shifts` WRITE;
/*!40000 ALTER TABLE `Shifts` DISABLE KEYS */;
INSERT INTO `Shifts` VALUES (1,'2021-04-24 00:00:00',19150),(1,'2021-08-20 00:00:00',20341),(1,'2021-11-13 00:00:00',8856),(1,'2022-01-21 00:00:00',14258),(1,'2022-04-02 00:00:00',14340),(1,'2022-04-30 00:00:00',16505),(1,'2022-06-13 00:00:00',16289),(1,'2022-09-25 00:00:00',1408),(2,'2021-03-07 00:00:00',12428),(2,'2021-03-29 00:00:00',6319),(2,'2021-08-10 00:00:00',18047),(2,'2021-09-22 00:00:00',12549),(2,'2021-11-19 00:00:00',16828),(2,'2021-12-08 00:00:00',13816),(2,'2022-06-24 00:00:00',12472),(2,'2022-11-21 00:00:00',9672),(3,'2021-10-18 00:00:00',6596),(3,'2022-07-29 00:00:00',7348),(3,'2022-08-07 00:00:00',14591),(3,'2022-09-12 00:00:00',4826),(4,'2021-01-26 00:00:00',2424),(4,'2021-04-09 00:00:00',21443),(4,'2021-05-25 00:00:00',3003),(4,'2021-10-30 00:00:00',9217),(4,'2021-12-17 00:00:00',8731),(4,'2022-03-31 00:00:00',4596),(4,'2022-04-02 00:00:00',5722),(4,'2022-10-15 00:00:00',17556),(5,'2021-06-07 00:00:00',6723),(5,'2021-07-13 00:00:00',10070),(5,'2021-10-25 00:00:00',6510),(5,'2022-02-11 00:00:00',5187),(5,'2022-05-28 00:00:00',14558),(5,'2022-09-18 00:00:00',17347),(6,'2021-02-21 00:00:00',3800),(6,'2021-03-27 00:00:00',3930),(6,'2021-04-12 00:00:00',8599),(6,'2021-05-27 00:00:00',6725),(6,'2021-07-12 00:00:00',13652),(6,'2021-07-15 00:00:00',10829),(6,'2021-11-19 00:00:00',10796),(6,'2022-01-07 00:00:00',6892),(6,'2022-06-13 00:00:00',3907),(6,'2022-07-15 00:00:00',9995),(6,'2022-09-19 00:00:00',11129),(7,'2021-01-05 00:00:00',15207),(7,'2021-03-29 00:00:00',8542),(7,'2021-10-02 00:00:00',11985),(7,'2021-12-18 00:00:00',19056),(7,'2022-02-08 00:00:00',1701),(7,'2022-04-20 00:00:00',5203),(7,'2022-04-29 00:00:00',13231),(7,'2022-12-12 00:00:00',16587),(8,'2021-08-02 00:00:00',17287),(8,'2021-09-19 00:00:00',3565),(8,'2021-11-15 00:00:00',5190),(8,'2022-07-01 00:00:00',9775),(9,'2021-05-12 00:00:00',11549),(9,'2021-08-11 00:00:00',4909),(9,'2022-01-02 00:00:00',8648),(9,'2022-02-17 00:00:00',3696),(9,'2022-04-22 00:00:00',3372),(9,'2022-05-20 00:00:00',16962),(9,'2022-06-28 00:00:00',10037),(10,'2021-04-28 00:00:00',6316),(10,'2022-03-25 00:00:00',3419),(10,'2022-04-19 00:00:00',5129),(10,'2022-04-26 00:00:00',3300),(10,'2022-09-16 00:00:00',8453),(10,'2022-09-25 00:00:00',5219),(11,'2021-06-10 00:00:00',16092),(11,'2021-06-18 00:00:00',3474),(11,'2022-03-09 00:00:00',7017),(11,'2022-03-24 00:00:00',17042),(11,'2022-04-03 00:00:00',10338),(11,'2022-09-03 00:00:00',9176),(11,'2022-09-19 00:00:00',6963),(12,'2021-04-14 00:00:00',8663),(12,'2021-04-17 00:00:00',2955),(12,'2022-01-07 00:00:00',13618),(12,'2022-06-05 00:00:00',18476),(12,'2022-06-12 00:00:00',5268),(12,'2022-09-23 00:00:00',17703),(13,'2021-01-25 00:00:00',9664),(13,'2021-07-13 00:00:00',9873),(13,'2021-07-23 00:00:00',9146),(13,'2022-02-23 00:00:00',20579),(13,'2022-07-30 00:00:00',14372),(14,'2021-01-22 00:00:00',6053),(14,'2021-03-09 00:00:00',16162),(14,'2021-11-29 00:00:00',13793),(14,'2022-06-18 00:00:00',12215),(14,'2022-07-20 00:00:00',18221),(14,'2022-09-08 00:00:00',16729),(15,'2021-11-08 00:00:00',8476),(15,'2022-01-06 00:00:00',3000),(15,'2022-05-13 00:00:00',19053),(15,'2022-07-23 00:00:00',5298),(15,'2022-10-13 00:00:00',10139),(15,'2022-10-15 00:00:00',5040),(16,'2021-02-12 00:00:00',5659),(16,'2021-09-07 00:00:00',19866),(16,'2021-09-28 00:00:00',16059),(16,'2021-12-20 00:00:00',13024),(16,'2022-06-24 00:00:00',16948),(17,'2021-04-19 00:00:00',3386),(17,'2021-05-14 00:00:00',12641),(17,'2021-08-12 00:00:00',5878),(17,'2021-09-12 00:00:00',14443),(17,'2021-10-15 00:00:00',7578),(17,'2021-10-22 00:00:00',11718),(17,'2021-12-14 00:00:00',9569),(17,'2022-01-01 00:00:00',15331),(17,'2022-03-09 00:00:00',4861),(17,'2022-05-28 00:00:00',4344),(17,'2022-07-14 00:00:00',8877),(17,'2022-10-12 00:00:00',15424),(17,'2022-11-10 00:00:00',17613),(17,'2022-12-21 00:00:00',11635),(17,'2022-12-22 00:00:00',7449),(18,'2021-03-09 00:00:00',12359),(18,'2021-04-09 00:00:00',9210),(18,'2021-08-31 00:00:00',5003),(18,'2022-01-18 00:00:00',6481),(18,'2022-01-29 00:00:00',20130),(18,'2022-03-13 00:00:00',4741),(18,'2022-09-26 00:00:00',20476),(19,'2021-03-07 00:00:00',15723),(19,'2021-04-26 00:00:00',9960),(19,'2021-09-12 00:00:00',5950),(19,'2021-10-07 00:00:00',4256),(19,'2021-11-13 00:00:00',13891),(19,'2022-04-09 00:00:00',6857),(19,'2022-04-23 00:00:00',3371),(19,'2022-05-05 00:00:00',17192),(20,'2021-07-11 00:00:00',7416),(20,'2021-07-24 00:00:00',10247),(20,'2022-09-08 00:00:00',6274),(21,'2021-03-06 00:00:00',6335),(21,'2021-05-29 00:00:00',12394),(21,'2021-07-06 00:00:00',1645),(21,'2022-02-27 00:00:00',12175),(21,'2022-04-22 00:00:00',5381),(21,'2022-07-27 00:00:00',2282),(21,'2022-10-11 00:00:00',10620),(21,'2022-10-25 00:00:00',13020),(21,'2022-11-18 00:00:00',3418),(22,'2021-05-28 00:00:00',20620),(22,'2021-09-22 00:00:00',10853),(22,'2021-11-29 00:00:00',17372),(22,'2022-01-24 00:00:00',9748),(22,'2022-02-03 00:00:00',3174),(22,'2022-02-17 00:00:00',4632),(22,'2022-04-09 00:00:00',6826),(22,'2022-09-20 00:00:00',3749),(23,'2021-01-09 00:00:00',17803),(23,'2021-01-29 00:00:00',19369),(23,'2021-03-05 00:00:00',6648),(23,'2021-03-07 00:00:00',17473),(23,'2021-06-29 00:00:00',2350),(23,'2021-08-18 00:00:00',9036),(23,'2022-01-28 00:00:00',13869),(23,'2022-08-01 00:00:00',10606),(23,'2022-10-04 00:00:00',7067),(24,'2021-05-07 00:00:00',3722),(24,'2021-07-05 00:00:00',18164),(25,'2021-03-01 00:00:00',4697),(25,'2021-06-18 00:00:00',16964),(25,'2021-09-17 00:00:00',16399),(25,'2021-12-21 00:00:00',12107),(25,'2022-01-31 00:00:00',4261),(25,'2022-04-18 00:00:00',10070),(25,'2022-05-16 00:00:00',4230),(26,'2021-04-11 00:00:00',10967),(26,'2021-04-19 00:00:00',7538),(26,'2021-07-23 00:00:00',13803),(26,'2021-08-08 00:00:00',5249),(26,'2022-04-23 00:00:00',16022),(26,'2022-04-24 00:00:00',13665),(26,'2022-09-28 00:00:00',10956),(27,'2021-01-22 00:00:00',16809),(27,'2021-04-15 00:00:00',8841),(27,'2021-07-29 00:00:00',5892),(27,'2021-08-29 00:00:00',21163),(27,'2021-10-04 00:00:00',8143),(27,'2021-12-17 00:00:00',6783),(27,'2022-09-24 00:00:00',17866),(28,'2021-03-12 00:00:00',2025),(28,'2021-09-21 00:00:00',14369),(28,'2022-01-20 00:00:00',17313),(28,'2022-06-16 00:00:00',7854),(28,'2022-06-18 00:00:00',4526),(28,'2022-06-20 00:00:00',8875),(29,'2021-06-03 00:00:00',15215),(29,'2022-04-12 00:00:00',8335),(29,'2022-06-11 00:00:00',12412),(29,'2022-07-05 00:00:00',3855),(29,'2022-12-28 00:00:00',4837),(30,'2021-05-18 00:00:00',15100),(30,'2021-05-31 00:00:00',9669),(30,'2021-09-10 00:00:00',2324),(30,'2021-12-24 00:00:00',10988),(30,'2022-01-04 00:00:00',19511),(30,'2022-03-18 00:00:00',10527),(30,'2022-08-12 00:00:00',14801),(31,'2021-01-31 00:00:00',7984),(31,'2021-04-03 00:00:00',17769),(31,'2021-09-15 00:00:00',10772),(31,'2022-04-13 00:00:00',14400),(31,'2022-09-30 00:00:00',15605),(31,'2022-11-26 00:00:00',6929),(32,'2021-01-03 00:00:00',19247),(32,'2021-02-15 00:00:00',9015),(32,'2021-04-06 00:00:00',11866),(32,'2021-05-29 00:00:00',16039),(32,'2022-01-07 00:00:00',15063),(32,'2022-05-09 00:00:00',7162),(32,'2022-08-13 00:00:00',3909),(33,'2021-01-10 00:00:00',9001),(33,'2021-07-22 00:00:00',12474),(33,'2021-08-03 00:00:00',11068),(33,'2022-11-10 00:00:00',18102),(33,'2022-12-04 00:00:00',4545),(33,'2022-12-18 00:00:00',15712),(34,'2021-04-28 00:00:00',4327),(34,'2021-05-21 00:00:00',15155),(34,'2022-03-01 00:00:00',9440),(34,'2022-03-27 00:00:00',13560),(34,'2022-04-15 00:00:00',19097),(34,'2022-05-09 00:00:00',3543),(34,'2022-07-22 00:00:00',10830),(35,'2022-09-26 00:00:00',6596),(35,'2022-12-13 00:00:00',13090),(36,'2021-12-28 00:00:00',4574),(36,'2022-02-08 00:00:00',1527),(36,'2022-07-05 00:00:00',5265),(37,'2021-02-22 00:00:00',16479),(37,'2021-03-03 00:00:00',12326),(37,'2021-06-15 00:00:00',2395),(37,'2021-08-09 00:00:00',12544),(37,'2021-12-08 00:00:00',21304),(37,'2022-07-25 00:00:00',20732),(37,'2022-08-28 00:00:00',9409),(37,'2022-10-20 00:00:00',15187),(37,'2022-12-29 00:00:00',20064),(38,'2021-08-08 00:00:00',7410),(38,'2021-10-20 00:00:00',1249),(38,'2021-12-02 00:00:00',12483),(38,'2022-07-23 00:00:00',6702),(38,'2022-09-17 00:00:00',13172),(38,'2022-10-24 00:00:00',8400),(39,'2021-01-23 00:00:00',1876),(39,'2021-04-24 00:00:00',3901),(39,'2021-05-01 00:00:00',7666),(39,'2021-11-11 00:00:00',8598),(39,'2022-02-19 00:00:00',3986),(39,'2022-02-22 00:00:00',10339),(39,'2022-12-04 00:00:00',18866),(40,'2021-03-15 00:00:00',11800),(40,'2021-04-29 00:00:00',7381),(40,'2021-10-22 00:00:00',14697),(40,'2022-06-25 00:00:00',11154),(40,'2022-06-30 00:00:00',17452),(40,'2022-08-05 00:00:00',18700),(40,'2022-10-20 00:00:00',5677),(40,'2022-11-26 00:00:00',3191),(41,'2021-01-29 00:00:00',1178),(41,'2021-04-27 00:00:00',3079),(41,'2021-06-02 00:00:00',11497),(41,'2021-07-01 00:00:00',11862),(41,'2021-09-03 00:00:00',18465),(41,'2021-10-11 00:00:00',12977),(41,'2021-11-18 00:00:00',4424),(41,'2022-01-03 00:00:00',4721),(41,'2022-02-04 00:00:00',3438),(41,'2022-06-18 00:00:00',10032),(41,'2022-11-22 00:00:00',11983),(42,'2021-01-15 00:00:00',16469),(42,'2021-01-27 00:00:00',19757),(42,'2021-02-21 00:00:00',9628),(42,'2021-05-13 00:00:00',16199),(42,'2022-05-23 00:00:00',17170),(42,'2022-08-28 00:00:00',7507),(43,'2021-04-10 00:00:00',10382),(43,'2021-05-01 00:00:00',8881),(43,'2021-05-08 00:00:00',7645),(43,'2021-05-28 00:00:00',9226),(43,'2021-11-07 00:00:00',7455),(43,'2022-05-14 00:00:00',12190),(43,'2022-09-25 00:00:00',4104),(43,'2022-12-09 00:00:00',16629),(44,'2021-05-22 00:00:00',12422),(44,'2022-01-25 00:00:00',5961),(44,'2022-03-03 00:00:00',2644),(44,'2022-08-08 00:00:00',10198),(44,'2022-09-30 00:00:00',2991),(44,'2022-10-04 00:00:00',15691),(45,'2021-05-29 00:00:00',3326),(45,'2021-12-19 00:00:00',20804),(45,'2022-02-08 00:00:00',9696),(45,'2022-04-06 00:00:00',5577),(45,'2022-04-07 00:00:00',17007),(45,'2022-09-25 00:00:00',1607),(45,'2022-10-23 00:00:00',2535),(45,'2022-12-15 00:00:00',14151),(46,'2021-03-17 00:00:00',16289),(46,'2021-03-31 00:00:00',10546),(46,'2021-06-18 00:00:00',17364),(46,'2021-08-30 00:00:00',15169),(46,'2022-01-04 00:00:00',19381),(46,'2022-03-01 00:00:00',17689),(46,'2022-05-11 00:00:00',10792),(46,'2022-06-21 00:00:00',18195),(46,'2022-09-26 00:00:00',13710),(46,'2022-09-27 00:00:00',9865),(46,'2022-10-28 00:00:00',7695),(46,'2022-11-14 00:00:00',15659),(47,'2021-03-13 00:00:00',20031),(47,'2021-03-14 00:00:00',4007),(47,'2021-04-20 00:00:00',6624),(47,'2021-07-31 00:00:00',7644),(47,'2021-08-09 00:00:00',13288),(47,'2021-08-10 00:00:00',10809),(47,'2021-09-23 00:00:00',2823),(47,'2022-05-30 00:00:00',10844),(47,'2022-08-05 00:00:00',7959),(47,'2022-11-10 00:00:00',7348),(48,'2021-02-19 00:00:00',15479),(48,'2021-09-05 00:00:00',17752),(48,'2022-05-12 00:00:00',9346),(48,'2022-08-11 00:00:00',3470),(48,'2022-09-10 00:00:00',5157),(49,'2021-07-11 00:00:00',5872),(49,'2021-07-31 00:00:00',19581),(49,'2021-08-21 00:00:00',2051),(49,'2021-09-15 00:00:00',5058),(49,'2021-11-08 00:00:00',5941),(49,'2022-03-09 00:00:00',6409),(49,'2022-03-28 00:00:00',2966),(49,'2022-04-04 00:00:00',5048),(49,'2022-07-07 00:00:00',2417),(49,'2022-07-15 00:00:00',10275),(49,'2022-08-26 00:00:00',12738),(49,'2022-11-16 00:00:00',14573),(50,'2021-01-08 00:00:00',9527),(50,'2021-08-14 00:00:00',17250),(50,'2021-09-12 00:00:00',6818),(50,'2022-04-30 00:00:00',15796),(50,'2022-06-13 00:00:00',4827),(50,'2022-10-15 00:00:00',7780);
/*!40000 ALTER TABLE `Shifts` ENABLE KEYS */;
UNLOCK TABLES;

--
-- Table structure for table `Ventas`
--

DROP TABLE IF EXISTS `Ventas`;
/*!40101 SET @saved_cs_client     = @@character_set_client */;
/*!50503 SET character_set_client = utf8mb4 */;
CREATE TABLE `Ventas` (
  `Cliente` int DEFAULT NULL,
  `Producto` text CHARACTER SET utf8mb3 COLLATE utf8mb3_unicode_ci,
  `Cantidad` int DEFAULT NULL,
  `Fecha` text CHARACTER SET utf8mb3 COLLATE utf8mb3_unicode_ci,
  `Empleado` int DEFAULT NULL,
  `Descuento` int DEFAULT NULL
) ENGINE=InnoDB DEFAULT CHARSET=utf8mb3 COLLATE=utf8mb3_unicode_ci;
/*!40101 SET character_set_client = @saved_cs_client */;

--
-- Dumping data for table `Ventas`
--

LOCK TABLES `Ventas` WRITE;
/*!40000 ALTER TABLE `Ventas` DISABLE KEYS */;
INSERT INTO `Ventas` VALUES (44,'P028',4,'2021-08-25',5,10),(35,'P047',8,'2021-11-14',12,20),(13,'P023',7,'2021-03-17',6,50),(10,'P040',1,'2021-03-22',40,50),(37,'P009',2,'2021-12-30',15,50),(42,'P001',4,'2021-05-27',24,10),(35,'P018',7,'2021-06-26',39,10),(8,'P025',5,'2021-05-05',6,10),(8,'P007',5,'2021-02-22',6,25),(34,'P030',5,'2021-07-22',24,25),(25,'P003',10,'2021-12-13',15,10),(5,'P035',6,'2021-10-16',48,10),(40,'P016',7,'2021-08-18',15,10),(18,'P014',5,'2021-11-07',44,10),(21,'P002',10,'2021-11-17',43,10),(14,'P022',3,'2021-04-04',32,50),(47,'P043',6,'2021-04-03',23,10),(12,'P036',7,'2021-04-01',13,20),(47,'P020',2,'2021-05-21',38,50),(34,'P024',10,'2021-06-16',8,25),(40,'P008',10,'2021-02-07',6,50),(48,'P018',2,'2021-04-25',44,25),(30,'P005',4,'2021-01-29',42,20),(44,'P004',8,'2021-10-25',15,20),(37,'P019',4,'2021-02-01',47,10),(30,'P044',5,'2021-12-30',8,20),(20,'P037',2,'2021-02-12',8,25),(9,'P021',9,'2021-04-10',41,25),(45,'P039',9,'2021-04-14',10,10),(17,'P035',3,'2021-02-23',45,20),(30,'P002',9,'2021-06-08',34,50),(42,'P010',8,'2021-06-26',41,20),(40,'P030',4,'2021-05-03',36,25),(38,'P037',8,'2021-04-18',47,10),(13,'P049',8,'2021-11-06',11,20),(19,'P042',8,'2021-02-04',12,20),(16,'P030',10,'2021-12-15',24,50),(17,'P046',3,'2021-06-01',4,25),(13,'P035',1,'2021-03-29',45,10),(32,'P029',10,'2021-09-11',18,20),(23,'P030',1,'2021-08-15',34,20),(26,'P044',8,'2021-10-04',49,20),(26,'P042',4,'2021-12-08',22,10),(17,'P034',10,'2021-03-13',35,50),(18,'P023',8,'2021-11-25',33,20),(15,'P024',3,'2021-07-10',29,20),(35,'P046',1,'2021-06-12',11,25),(41,'P037',5,'2021-09-19',49,10),(44,'P042',4,'2021-02-07',1,20),(9,'P034',4,'2021-09-07',39,20),(37,'P011',4,'2021-04-19',26,50),(24,'P038',1,'2021-10-19',23,20),(38,'P002',10,'2021-06-07',2,20),(40,'P010',1,'2021-05-28',12,10),(5,'P014',8,'2021-10-13',42,20),(1,'P037',7,'2021-08-22',10,20),(25,'P030',2,'2021-10-23',18,20),(26,'P012',4,'2021-04-26',13,20),(25,'P037',10,'2021-08-07',12,25),(2,'P017',7,'2021-04-30',44,20),(11,'P020',9,'2021-12-09',35,10),(5,'P023',1,'2021-05-05',18,20),(9,'P021',7,'2021-08-12',28,10),(26,'P041',4,'2021-11-22',32,25),(8,'P010',5,'2021-04-21',29,25),(50,'P018',10,'2021-10-14',24,50),(23,'P026',9,'2021-10-15',7,50),(6,'P020',9,'2021-12-06',22,50),(27,'P048',6,'2021-08-29',44,10),(39,'P015',5,'2021-03-01',36,10),(42,'P016',6,'2021-05-16',4,25),(33,'P029',3,'2021-09-16',14,50),(46,'P024',4,'2021-11-03',1,20),(26,'P019',10,'2021-08-17',9,50),(46,'P031',4,'2021-09-20',33,25),(15,'P034',5,'2021-02-18',13,10),(14,'P036',2,'2021-09-02',33,25),(30,'P005',5,'2021-07-23',6,50),(24,'P048',5,'2021-09-09',41,50),(13,'P002',6,'2021-11-14',37,50),(19,'P022',7,'2021-12-28',49,20),(14,'P016',10,'2021-12-09',5,50),(40,'P035',8,'2021-11-29',30,10),(20,'P013',2,'2021-06-01',34,50),(16,'P017',6,'2021-12-16',23,10),(45,'P028',10,'2021-07-03',33,25),(26,'P042',5,'2021-05-08',14,50),(33,'P006',9,'2021-03-24',43,50),(44,'P042',9,'2021-12-01',39,25),(46,'P006',7,'2021-05-22',50,10),(36,'P029',4,'2021-09-27',14,20),(34,'P024',2,'2021-04-15',39,50),(30,'P033',6,'2021-09-07',25,20),(16,'P046',9,'2021-12-04',25,20),(16,'P033',3,'2021-08-18',19,10),(45,'P043',2,'2021-09-29',9,20),(20,'P034',4,'2021-08-25',42,25),(32,'P050',5,'2021-02-24',14,20),(31,'P004',3,'2021-06-20',19,20),(19,'P034',3,'2021-11-10',50,20),(35,'P022',5,'2021-02-21',19,50),(12,'P019',7,'2021-05-14',40,10),(6,'P008',9,'2021-04-21',9,50),(32,'P012',3,'2021-10-28',45,20),(43,'P005',6,'2021-07-19',8,10),(17,'P026',2,'2021-03-26',41,25),(5,'P046',6,'2021-02-10',24,20),(25,'P007',3,'2021-01-14',26,25),(34,'P023',3,'2021-09-15',14,20),(37,'P044',2,'2021-09-02',3,10),(29,'P048',2,'2021-09-29',25,20),(48,'P050',6,'2021-09-02',34,25),(5,'P015',1,'2021-07-19',22,20),(34,'P008',7,'2021-11-17',46,50),(26,'P039',10,'2021-02-12',37,25),(45,'P007',8,'2021-01-05',10,20),(6,'P049',8,'2021-03-31',46,25),(3,'P016',3,'2021-11-22',39,10),(41,'P017',7,'2021-07-25',12,10),(45,'P014',4,'2021-04-11',22,20),(33,'P005',7,'2021-08-04',2,50),(38,'P015',8,'2021-08-25',34,50),(41,'P040',1,'2021-10-13',35,50),(45,'P009',1,'2021-11-09',30,20),(30,'P035',7,'2021-11-07',27,20),(43,'P007',6,'2021-04-11',1,20),(48,'P039',7,'2021-08-28',10,10),(41,'P015',1,'2021-05-18',34,25),(11,'P014',4,'2021-08-11',37,50),(48,'P038',7,'2021-06-24',1,20),(15,'P019',9,'2021-12-26',22,20),(3,'P004',10,'2021-05-26',10,10),(32,'P032',10,'2021-05-24',26,10),(8,'P016',7,'2021-03-05',43,20),(12,'P009',1,'2021-07-16',9,25),(10,'P031',8,'2021-12-17',49,20),(22,'P021',10,'2021-09-04',48,10),(40,'P001',6,'2021-03-07',13,25),(39,'P035',1,'2021-06-10',42,25),(38,'P016',5,'2021-02-22',36,20),(41,'P037',2,'2021-09-28',50,50),(9,'P049',7,'2021-08-24',17,10),(2,'P023',4,'2021-08-18',13,25),(42,'P020',10,'2021-03-18',23,20),(16,'P031',6,'2021-09-10',10,50),(15,'P009',8,'2021-07-12',1,20),(47,'P034',9,'2021-09-11',38,50),(14,'P050',5,'2021-03-21',27,50),(21,'P014',5,'2021-12-23',48,50),(32,'P024',7,'2021-05-23',45,50),(33,'P010',10,'2021-10-31',44,20),(39,'P034',5,'2021-09-24',21,50),(46,'P016',3,'2021-07-03',11,50),(12,'P034',9,'2021-03-27',30,10),(27,'P019',8,'2021-01-09',32,25),(39,'P039',4,'2021-03-17',28,10),(5,'P021',9,'2021-05-16',41,10),(26,'P033',3,'2021-04-21',50,25),(31,'P003',10,'2021-04-26',32,50),(28,'P013',2,'2021-03-14',46,20),(5,'P018',7,'2021-10-17',24,50),(23,'P013',9,'2021-12-19',9,20),(8,'P045',5,'2021-07-17',1,25),(14,'P041',8,'2021-10-27',6,10),(30,'P031',7,'2021-06-10',3,50),(37,'P042',6,'2021-10-14',38,50),(25,'P001',7,'2021-10-22',16,25),(24,'P017',8,'2021-07-25',43,10),(9,'P021',3,'2021-01-14',11,10),(21,'P038',8,'2021-10-09',20,20),(27,'P038',10,'2021-09-06',26,10),(15,'P028',9,'2021-07-07',28,50),(33,'P011',7,'2021-05-26',6,10),(3,'P012',6,'2021-03-19',17,50),(36,'P034',6,'2021-02-04',47,25),(40,'P026',4,'2021-12-22',46,50),(17,'P007',3,'2021-09-03',10,10),(14,'P050',1,'2021-03-30',31,10),(20,'P002',5,'2021-06-26',40,10),(23,'P013',2,'2021-04-21',26,50),(17,'P008',6,'2021-09-18',16,25),(29,'P025',6,'2021-11-27',29,50),(12,'P022',7,'2021-06-11',12,20),(10,'P042',2,'2021-01-28',31,20),(38,'P030',1,'2021-02-16',41,25),(16,'P050',1,'2021-12-15',31,50),(16,'P007',7,'2021-07-23',42,20),(7,'P007',10,'2021-11-12',32,20),(16,'P045',5,'2021-12-31',2,10),(14,'P046',4,'2021-12-04',22,10),(37,'P047',7,'2021-11-30',41,20),(33,'P020',9,'2021-12-04',34,50),(6,'P005',5,'2021-03-15',18,25),(25,'P037',1,'2021-10-06',37,10),(48,'P008',9,'2021-10-09',19,20),(22,'P019',6,'2021-06-29',48,25),(7,'P024',7,'2021-01-29',31,10),(41,'P040',7,'2021-10-31',17,10),(49,'P012',1,'2021-06-07',7,50),(21,'P036',8,'2021-07-26',24,50),(17,'P049',6,'2022-06-23',14,25),(33,'P011',7,'2022-09-04',7,25),(15,'P044',7,'2022-06-20',11,10),(14,'P015',5,'2022-10-12',8,25),(40,'P045',10,'2022-02-10',28,25),(7,'P029',10,'2022-07-19',1,20),(3,'P042',3,'2022-10-18',13,25),(21,'P023',9,'2022-09-14',19,10),(10,'P028',9,'2022-04-20',33,20),(14,'P050',9,'2022-03-31',39,25),(14,'P013',8,'2022-07-18',32,50),(7,'P019',4,'2022-05-03',30,10),(47,'P037',9,'2022-10-10',43,20),(34,'P020',6,'2022-11-23',25,10),(3,'P026',6,'2022-09-12',23,25),(32,'P016',1,'2022-04-23',2,10),(26,'P040',4,'2022-03-17',25,20),(29,'P006',8,'2022-02-20',50,25),(13,'P021',6,'2022-05-03',42,10),(13,'P005',5,'2022-12-25',24,50),(30,'P003',3,'2022-03-27',43,10),(35,'P015',1,'2022-02-01',23,25),(19,'P018',3,'2022-04-03',27,25),(19,'P029',10,'2022-09-30',20,10),(8,'P019',2,'2022-01-28',36,25),(25,'P034',4,'2022-07-19',24,10),(45,'P033',4,'2022-01-19',36,20),(48,'P039',6,'2022-09-18',30,20),(7,'P002',5,'2022-11-08',41,20),(8,'P022',1,'2022-10-11',30,10),(44,'P002',2,'2022-11-29',4,20),(17,'P043',8,'2022-08-22',21,50),(3,'P010',9,'2022-03-08',21,20),(18,'P007',9,'2022-04-24',4,10),(23,'P045',10,'2022-02-02',27,50),(49,'P040',5,'2022-11-01',5,25),(40,'P045',6,'2022-06-24',25,10),(34,'P018',1,'2022-02-09',43,10),(43,'P005',5,'2022-09-22',47,50),(39,'P002',4,'2022-12-15',30,25),(35,'P023',2,'2022-10-26',4,50),(34,'P019',4,'2022-07-28',10,10),(14,'P022',6,'2022-03-10',39,20),(20,'P024',1,'2022-05-11',46,10),(33,'P047',1,'2022-08-24',41,50),(2,'P018',2,'2022-01-28',3,10),(28,'P035',3,'2022-12-06',13,20),(28,'P003',6,'2022-07-04',25,25),(14,'P027',10,'2022-09-18',13,25),(11,'P041',8,'2022-08-12',33,20),(29,'P007',2,'2022-01-25',28,25),(33,'P008',2,'2022-11-01',8,20),(4,'P015',3,'2022-05-22',40,50),(19,'P026',6,'2022-04-15',31,10),(48,'P003',10,'2022-10-31',21,25),(29,'P015',1,'2022-07-21',44,50),(47,'P003',3,'2022-12-27',26,10),(46,'P046',4,'2022-12-01',3,20),(45,'P017',7,'2022-03-06',45,50),(24,'P016',7,'2022-11-15',36,10),(13,'P021',2,'2022-10-19',18,20),(11,'P020',10,'2022-05-29',27,10),(49,'P001',7,'2022-11-15',3,25),(7,'P029',9,'2022-03-07',3,10),(26,'P024',2,'2022-10-03',41,25),(45,'P038',7,'2022-08-05',39,10),(8,'P035',7,'2022-01-17',48,10),(43,'P026',5,'2022-06-15',3,50),(19,'P047',5,'2022-06-29',35,10),(1,'P015',8,'2022-03-17',37,25),(7,'P020',9,'2022-11-24',29,25),(2,'P018',3,'2022-01-17',13,25),(24,'P029',3,'2022-10-02',11,50),(45,'P005',10,'2022-01-18',44,10),(27,'P031',9,'2022-05-29',48,10),(20,'P016',4,'2022-12-12',40,25),(36,'P040',4,'2022-06-09',40,10),(3,'P003',3,'2022-08-28',36,50),(33,'P013',1,'2022-01-28',46,25),(17,'P032',7,'2022-01-03',30,50),(42,'P022',10,'2022-06-30',15,50),(7,'P005',10,'2022-05-02',15,10),(15,'P002',6,'2022-10-17',18,20),(35,'P034',6,'2022-01-19',3,10),(11,'P049',1,'2022-11-25',24,25),(5,'P032',10,'2022-09-29',39,10),(12,'P042',3,'2022-05-13',5,50),(45,'P037',8,'2022-02-13',32,50),(44,'P032',8,'2022-12-29',24,10),(13,'P009',8,'2022-04-29',35,25),(33,'P041',7,'2022-07-14',24,20),(20,'P001',10,'2022-04-25',43,10),(28,'P050',6,'2022-02-18',22,25),(42,'P018',7,'2022-02-19',20,25),(5,'P041',10,'2022-03-14',9,10),(46,'P040',3,'2022-11-25',47,25),(8,'P020',10,'2022-12-24',42,50),(4,'P002',8,'2022-02-10',6,50),(22,'P007',3,'2022-02-04',27,10),(31,'P022',7,'2022-04-27',27,25),(34,'P017',9,'2022-12-14',32,25),(50,'P030',1,'2022-03-06',37,25),(16,'P042',9,'2022-01-19',41,10),(21,'P028',2,'2022-12-05',46,20),(6,'P010',2,'2022-04-13',6,50),(40,'P005',4,'2022-04-18',1,25),(34,'P037',2,'2022-10-28',9,50),(7,'P015',10,'2022-09-03',19,10),(2,'P013',3,'2022-08-14',3,20),(17,'P046',1,'2022-09-19',20,25),(47,'P028',8,'2022-04-28',1,10),(47,'P010',9,'2022-10-29',44,20),(30,'P031',6,'2022-08-26',7,25),(34,'P019',10,'2022-05-27',47,25),(38,'P021',9,'2022-07-11',9,20),(43,'P032',7,'2022-12-08',17,25),(43,'P025',4,'2022-09-08',39,10),(5,'P037',4,'2022-11-07',10,20),(16,'P050',5,'2022-07-27',25,25),(19,'P047',2,'2022-10-30',10,25),(47,'P050',1,'2022-08-27',22,10),(23,'P013',4,'2022-08-07',14,10),(36,'P011',3,'2022-08-28',4,50),(12,'P013',8,'2022-01-28',16,10),(25,'P024',3,'2022-03-09',31,20),(46,'P005',8,'2022-08-24',12,25),(32,'P004',2,'2022-05-30',2,50),(38,'P016',9,'2022-10-07',10,50),(10,'P005',8,'2022-09-14',49,10),(35,'P050',10,'2022-06-19',34,50),(42,'P026',6,'2022-04-28',4,50),(23,'P009',4,'2022-07-12',2,20),(34,'P007',2,'2022-07-23',46,20),(29,'P033',8,'2022-08-14',16,50),(25,'P034',6,'2022-10-03',28,10),(28,'P023',5,'2022-12-14',16,50),(26,'P032',1,'2022-05-26',15,10),(31,'P008',3,'2022-10-02',25,50),(32,'P031',3,'2022-08-07',29,50),(10,'P031',4,'2022-07-02',20,20),(2,'P010',1,'2022-05-27',24,10),(44,'P030',10,'2022-07-27',16,50),(21,'P009',1,'2022-08-27',5,25),(5,'P042',2,'2022-12-18',35,50),(29,'P039',2,'2022-08-10',25,20),(2,'P050',4,'2022-11-09',7,25),(35,'P036',8,'2022-02-28',30,20),(5,'P017',10,'2022-11-21',42,20),(5,'P016',5,'2022-05-13',45,10),(6,'P050',4,'2022-03-04',23,20),(29,'P012',8,'2022-05-16',20,25),(3,'P007',9,'2022-04-06',31,10),(31,'P043',8,'2022-11-23',10,20),(7,'P036',8,'2022-08-17',40,20),(41,'P044',4,'2022-12-22',18,10),(28,'P041',2,'2022-10-04',10,10),(37,'P030',10,'2022-08-28',7,50),(26,'P021',9,'2022-08-22',43,20),(47,'P039',10,'2022-12-08',7,10),(29,'P050',3,'2022-05-02',24,25),(41,'P011',9,'2022-03-04',8,50),(43,'P027',2,'2022-04-11',9,20),(8,'P043',1,'2022-04-23',30,10),(45,'P013',3,'2022-06-06',1,50),(21,'P022',6,'2022-10-13',41,50),(44,'P021',8,'2022-10-25',20,10),(23,'P049',4,'2022-09-27',8,50),(14,'P011',10,'2022-12-28',50,25),(48,'P028',8,'2022-08-12',28,50),(18,'P044',6,'2022-07-03',1,10),(47,'P019',9,'2022-11-29',16,20),(15,'P017',8,'2022-05-17',17,10),(21,'P008',1,'2022-01-06',18,25),(42,'P049',7,'2022-06-14',16,20),(42,'P002',8,'2022-08-09',30,20),(37,'P033',5,'2022-07-20',29,20),(30,'P040',4,'2022-07-31',36,25),(37,'P037',2,'2022-03-02',39,25),(37,'P003',8,'2022-02-01',25,25),(14,'P026',9,'2022-12-13',43,20),(31,'P045',8,'2022-09-17',14,10),(19,'P021',8,'2022-08-10',23,50),(18,'P010',10,'2022-01-14',21,50),(11,'P039',10,'2022-12-06',23,50),(5,'P034',1,'2022-10-17',31,20),(24,'P003',8,'2022-10-04',7,25),(1,'P024',9,'2022-04-14',18,10),(8,'P008',9,'2022-10-07',48,10),(38,'P038',1,'2022-01-21',44,25),(6,'P040',9,'2022-10-22',33,20),(5,'P017',9,'2022-11-14',6,20),(25,'P032',1,'2022-07-08',18,25),(36,'P015',9,'2022-04-17',8,50),(13,'P016',5,'2022-01-02',44,20),(5,'P001',5,'2022-09-25',3,10),(24,'P035',6,'2022-10-19',1,50),(14,'P009',4,'2022-03-31',17,10),(22,'P019',1,'2022-08-21',22,20),(17,'P033',1,'2022-11-08',12,50),(36,'P037',5,'2022-03-01',28,25);
/*!40000 ALTER TABLE `Ventas` ENABLE KEYS */;
UNLOCK TABLES;
/*!40103 SET TIME_ZONE=@OLD_TIME_ZONE */;

/*!40101 SET SQL_MODE=@OLD_SQL_MODE */;
/*!40014 SET FOREIGN_KEY_CHECKS=@OLD_FOREIGN_KEY_CHECKS */;
/*!40014 SET UNIQUE_CHECKS=@OLD_UNIQUE_CHECKS */;
/*!40101 SET CHARACTER_SET_CLIENT=@OLD_CHARACTER_SET_CLIENT */;
/*!40101 SET CHARACTER_SET_RESULTS=@OLD_CHARACTER_SET_RESULTS */;
/*!40101 SET COLLATION_CONNECTION=@OLD_COLLATION_CONNECTION */;
/*!40111 SET SQL_NOTES=@OLD_SQL_NOTES */;

-- Dump completed on 2024-01-25 18:14:15
